Ticker,Group,Model,Target,Date,y_actual,y_pred
BWXT,benchmark_set,baseline,Forward_Return_5d,2025-12-16,0.0251993623055831,-0.04141843
BWXT,benchmark_set,baseline,Forward_Return_5d,2025-12-17,0.0524881702050443,-0.041524462
BWXT,benchmark_set,baseline,Forward_Return_5d,2025-12-18,0.0296014160972701,-0.04122253
BWXT,benchmark_set,baseline,Forward_Return_5d,2025-12-19,-0.0053420542882348,-0.039643124
BWXT,benchmark_set,baseline,Forward_Return_5d,2025-12-22,-0.0229621442059502,-0.03779042
BWXT,benchmark_set,baseline,Forward_Return_5d,2025-12-23,-0.0272800964112474,-0.03588332
BWXT,benchmark_set,baseline,Forward_Return_5d,2025-12-24,0.0260160644050267,-0.03460628
BWXT,benchmark_set,baseline,Forward_Return_5d,2025-12-26,0.0720509482767966,-0.033109643
BWXT,benchmark_set,baseline,Forward_Return_5d,2025-12-29,0.1069546991682793,-0.03188076
BWXT,benchmark_set,baseline,Forward_Return_5d,2025-12-30,0.0976224813441093,-0.030500384
BWXT,benchmark_set,baseline,Forward_Return_5d,2025-12-31,0.1113596102571047,-0.029347098
BWXT,benchmark_set,baseline,Forward_Return_5d,2026-01-02,0.1024086946510441,-0.028303377
BWXT,benchmark_set,baseline,Forward_Return_5d,2026-01-05,0.0890284523693003,-0.026846865
BWXT,benchmark_set,baseline,Forward_Return_5d,2026-01-06,0.0751388108180109,-0.026107488
BWXT,benchmark_set,baseline,Forward_Return_5d,2026-01-07,0.0597674164757392,-0.025638545
BWXT,benchmark_set,baseline,Forward_Return_5d,2026-01-08,0.0987392757009568,-0.026778597
BWXT,benchmark_set,baseline,Forward_Return_5d,2026-01-09,0.0783994593806869,-0.02839854
BWXT,benchmark_set,baseline,Forward_Return_5d,2026-01-12,-0.0026653572633929,-0.029289799
BWXT,benchmark_set,baseline,Forward_Return_5d,2026-01-13,-0.0048564154988056,-0.030294456
BWXT,benchmark_set,baseline,Forward_Return_5d,2026-01-14,0.0109647715614529,-0.030839683
BWXT,benchmark_set,baseline,Forward_Return_5d,2026-01-15,-0.0261297354776237,-0.03171564
BWXT,benchmark_set,baseline,Forward_Return_5d,2026-01-16,-0.0559200757752008,-0.03122423
BWXT,benchmark_set,baseline,Forward_Return_5d,2026-01-20,0.0302552878311213,-0.03035898
BWXT,benchmark_set,baseline,Forward_Return_5d,2026-01-21,0.0318471529285122,-0.03099885
BWXT,benchmark_set,baseline,Forward_Return_5d,2026-01-22,0.0184874147471412,-0.030381031
BWXT,benchmark_set,baseline,Forward_Return_5d,2026-01-23,-0.0112301664936857,-0.029860415
BWXT,benchmark_set,baseline,Forward_Return_5d,2026-01-26,0.0,-0.028582783
BWXT,benchmark_set,baseline,Forward_Return_5d,2026-01-27,-0.0071820068600531,-0.027544029
BWXT,benchmark_set,baseline,Forward_Return_5d,2026-01-28,-0.1291160942039849,-0.025243944
BWXT,benchmark_set,baseline,Forward_Return_5d,2026-01-29,-0.1146121725902876,-0.022852896
BWXT,benchmark_set,baseline,Forward_Return_5d,2026-01-30,-0.0409375068696439,-0.0213179
BWXT,benchmark_set,baseline,Forward_Return_5d,2026-02-02,-0.0148642813887984,-0.020053135
BWXT,benchmark_set,baseline,Forward_Return_5d,2026-02-03,-0.0538222642600927,-0.018139102
BWXT,benchmark_set,baseline,Forward_Return_5d,2026-02-04,0.0432387950364287,-0.015406136
BWXT,benchmark_set,baseline,Forward_Return_5d,2026-02-05,0.0493438957052274,-0.016397273
BWXT,benchmark_set,baseline,Forward_Return_5d,2026-02-06,0.0161475895703517,-0.016502246
BWXT,benchmark_set,baseline,Forward_Return_5d,2026-02-09,-0.0094534671124309,-0.015556831
BWXT,benchmark_set,baseline,Forward_Return_5d,2026-02-10,0.0120375853894667,-0.014326818
BWXT,benchmark_set,baseline,Forward_Return_5d,2026-02-11,0.0518801108131352,-0.013859035
BWXT,benchmark_set,baseline,Forward_Return_5d,2026-02-12,0.0473138447918042,-0.013962404
BWXT,benchmark_set,baseline,Forward_Return_5d,2026-02-13,-0.0101309650305105,-0.014151665
BWXT,benchmark_set,baseline,Forward_Return_5d,2026-02-17,0.0154942838719803,-0.014070858
BWXT,benchmark_set,baseline,Forward_Return_5d,2026-02-18,0.0293307589014414,-0.014085567
BWXT,benchmark_set,baseline,Forward_Return_5d,2026-02-19,-0.0087916116365227,-0.01402785
BWXT,benchmark_set,baseline,Forward_Return_5d,2026-02-20,-0.0022307356629718,-0.013367728
BWXT,benchmark_set,baseline,Forward_Return_5d,2026-02-23,0.0872675615936584,-0.013685798
BWXT,benchmark_set,baseline,Forward_Return_5d,2026-02-24,0.0078037692408079,-0.015470087
BWXT,benchmark_set,baseline,Forward_Return_5d,2026-02-25,-0.0130486811205842,-0.016685518
BWXT,benchmark_set,baseline,Forward_Return_5d,2026-02-26,-0.0583172173191138,-0.018159745
BWXT,benchmark_set,baseline,Forward_Return_5d,2026-02-27,-0.0536007219866794,-0.02001478
BWXT,benchmark_set,baseline,Forward_Return_5d,2026-03-02,-0.0771864631775895,-0.022424852
BWXT,benchmark_set,baseline,Forward_Return_5d,2026-03-03,-0.0493952050968205,-0.024009148
BWXT,benchmark_set,baseline,Forward_Return_5d,2026-03-04,-0.0463949345499992,-0.026815595
BWXT,benchmark_set,baseline,Forward_Return_5d,2026-03-05,0.0131763426834918,-0.028590849
BWXT,benchmark_set,baseline,Forward_Return_5d,2026-03-06,-0.0042711550945264,-0.030641988
BWXT,benchmark_set,baseline,Forward_Return_5d,2026-03-09,0.0225125595709576,-0.031241225
BWXT,benchmark_set,baseline,Forward_Return_5d,2026-03-10,0.0587586963396534,-0.030616708
BWXT,benchmark_set,baseline,Forward_Return_5d,2026-03-11,0.0642259417544337,-0.030202694
BWXT,benchmark_set,baseline,Forward_Return_5d,2026-03-12,0.0603212095111948,-0.029216893
BWXT,benchmark_set,baseline,Forward_Return_5d,2026-03-13,0.0285385217568179,-0.028121015
BWXT,benchmark_set,baseline,Forward_Return_5d,2026-03-16,0.0008791167429454,-0.027704427
BWXT,benchmark_set,baseline,Forward_Return_5d,2026-03-17,-0.0131963941289886,-0.026354156
BWXT,benchmark_set,baseline,Forward_Return_5d,2026-03-18,0.0610242848896982,-0.025892366
BWXT,benchmark_set,baseline,Forward_Return_5d,2026-03-19,-0.0242298835180189,-0.025400735
BWXT,benchmark_set,baseline,Forward_Return_5d,2026-03-20,0.0141176295320194,-0.024954015
BWXT,benchmark_set,baseline,Forward_Return_5d,2026-03-23,-0.06692038079433,-0.026134863
BWXT,benchmark_set,baseline,Forward_Return_5d,2026-03-24,-0.0013194333675778,-0.02631911
BWXT,benchmark_set,baseline,Forward_Return_5d,2026-03-25,-0.042863080678964,-0.02595104
BWXT,benchmark_set,baseline,Forward_Return_5d,2026-03-26,0.0470960913416245,-0.02501075
BWXT,benchmark_set,baseline,Forward_Return_5d,2026-03-27,0.0640015768444665,-0.02788335
BWXT,benchmark_set,baseline,Forward_Return_5d,2026-03-30,0.1126723373507713,-0.03072631
BWXT,benchmark_set,baseline,Forward_Return_5d,2026-03-31,0.1252695392451248,-0.03451118
BWXT,benchmark_set,baseline,Forward_Return_5d,2026-04-01,0.0923968421533494,-0.035485294
BWXT,benchmark_set,augmented,Forward_Return_5d,2025-12-16,0.0251993623055831,-0.10924358
BWXT,benchmark_set,augmented,Forward_Return_5d,2025-12-17,0.0524881702050443,-0.10226788
BWXT,benchmark_set,augmented,Forward_Return_5d,2025-12-18,0.0296014160972701,-0.09593515
BWXT,benchmark_set,augmented,Forward_Return_5d,2025-12-19,-0.0053420542882348,-0.08434027
BWXT,benchmark_set,augmented,Forward_Return_5d,2025-12-22,-0.0229621442059502,-0.07385819
BWXT,benchmark_set,augmented,Forward_Return_5d,2025-12-23,-0.0272800964112474,-0.06576824
BWXT,benchmark_set,augmented,Forward_Return_5d,2025-12-24,0.0260160644050267,-0.0595777
BWXT,benchmark_set,augmented,Forward_Return_5d,2025-12-26,0.0720509482767966,-0.054656766
BWXT,benchmark_set,augmented,Forward_Return_5d,2025-12-29,0.1069546991682793,-0.05095716
BWXT,benchmark_set,augmented,Forward_Return_5d,2025-12-30,0.0976224813441093,-0.047869198
BWXT,benchmark_set,augmented,Forward_Return_5d,2025-12-31,0.1113596102571047,-0.03296362
BWXT,benchmark_set,augmented,Forward_Return_5d,2026-01-02,0.1024086946510441,-0.026303208
BWXT,benchmark_set,augmented,Forward_Return_5d,2026-01-05,0.0890284523693003,-0.023188954
BWXT,benchmark_set,augmented,Forward_Return_5d,2026-01-06,0.0751388108180109,-0.03613253
BWXT,benchmark_set,augmented,Forward_Return_5d,2026-01-07,0.0597674164757392,-0.045379817
BWXT,benchmark_set,augmented,Forward_Return_5d,2026-01-08,0.0987392757009568,-0.051044818
BWXT,benchmark_set,augmented,Forward_Return_5d,2026-01-09,0.0783994593806869,-0.05445975
BWXT,benchmark_set,augmented,Forward_Return_5d,2026-01-12,-0.0026653572633929,-0.055679604
BWXT,benchmark_set,augmented,Forward_Return_5d,2026-01-13,-0.0048564154988056,-0.056533553
BWXT,benchmark_set,augmented,Forward_Return_5d,2026-01-14,0.0109647715614529,-0.055407062
BWXT,benchmark_set,augmented,Forward_Return_5d,2026-01-15,-0.0261297354776237,-0.05334639
BWXT,benchmark_set,augmented,Forward_Return_5d,2026-01-16,-0.0559200757752008,-0.051931143
BWXT,benchmark_set,augmented,Forward_Return_5d,2026-01-20,0.0302552878311213,-0.048669305
BWXT,benchmark_set,augmented,Forward_Return_5d,2026-01-21,0.0318471529285122,-0.050525576
BWXT,benchmark_set,augmented,Forward_Return_5d,2026-01-22,0.0184874147471412,-0.050343722
BWXT,benchmark_set,augmented,Forward_Return_5d,2026-01-23,-0.0112301664936857,-0.049991254
BWXT,benchmark_set,augmented,Forward_Return_5d,2026-01-26,0.0,-0.048184454
BWXT,benchmark_set,augmented,Forward_Return_5d,2026-01-27,-0.0071820068600531,-0.040196177
BWXT,benchmark_set,augmented,Forward_Return_5d,2026-01-28,-0.1291160942039849,-0.025574747
BWXT,benchmark_set,augmented,Forward_Return_5d,2026-01-29,-0.1146121725902876,-0.018512746
BWXT,benchmark_set,augmented,Forward_Return_5d,2026-01-30,-0.0409375068696439,-0.0109354295
BWXT,benchmark_set,augmented,Forward_Return_5d,2026-02-02,-0.0148642813887984,-0.008893036
BWXT,benchmark_set,augmented,Forward_Return_5d,2026-02-03,-0.0538222642600927,-0.008885147
BWXT,benchmark_set,augmented,Forward_Return_5d,2026-02-04,0.0432387950364287,-0.0054257987
BWXT,benchmark_set,augmented,Forward_Return_5d,2026-02-05,0.0493438957052274,-0.0002752759
BWXT,benchmark_set,augmented,Forward_Return_5d,2026-02-06,0.0161475895703517,-0.0005979792
BWXT,benchmark_set,augmented,Forward_Return_5d,2026-02-09,-0.0094534671124309,-0.0038890813
BWXT,benchmark_set,augmented,Forward_Return_5d,2026-02-10,0.0120375853894667,-0.009068498
BWXT,benchmark_set,augmented,Forward_Return_5d,2026-02-11,0.0518801108131352,-0.015222276
BWXT,benchmark_set,augmented,Forward_Return_5d,2026-02-12,0.0473138447918042,-0.021411983
BWXT,benchmark_set,augmented,Forward_Return_5d,2026-02-13,-0.0101309650305105,-0.027121205
BWXT,benchmark_set,augmented,Forward_Return_5d,2026-02-17,0.0154942838719803,-0.031447314
BWXT,benchmark_set,augmented,Forward_Return_5d,2026-02-18,0.0293307589014414,-0.03575605
BWXT,benchmark_set,augmented,Forward_Return_5d,2026-02-19,-0.0087916116365227,-0.040674534
BWXT,benchmark_set,augmented,Forward_Return_5d,2026-02-20,-0.0022307356629718,-0.04249932
BWXT,benchmark_set,augmented,Forward_Return_5d,2026-02-23,0.0872675615936584,-0.045089528
BWXT,benchmark_set,augmented,Forward_Return_5d,2026-02-24,0.0078037692408079,-0.03871771
BWXT,benchmark_set,augmented,Forward_Return_5d,2026-02-25,-0.0130486811205842,-0.030837435
BWXT,benchmark_set,augmented,Forward_Return_5d,2026-02-26,-0.0583172173191138,-0.029074917
BWXT,benchmark_set,augmented,Forward_Return_5d,2026-02-27,-0.0536007219866794,-0.024517355
BWXT,benchmark_set,augmented,Forward_Return_5d,2026-03-02,-0.0771864631775895,-0.02490691
BWXT,benchmark_set,augmented,Forward_Return_5d,2026-03-03,-0.0493952050968205,-0.026338981
BWXT,benchmark_set,augmented,Forward_Return_5d,2026-03-04,-0.0463949345499992,-0.030599741
BWXT,benchmark_set,augmented,Forward_Return_5d,2026-03-05,0.0131763426834918,-0.03563969
BWXT,benchmark_set,augmented,Forward_Return_5d,2026-03-06,-0.0042711550945264,-0.040181037
BWXT,benchmark_set,augmented,Forward_Return_5d,2026-03-09,0.0225125595709576,-0.043893695
BWXT,benchmark_set,augmented,Forward_Return_5d,2026-03-10,0.0587586963396534,-0.04612441
BWXT,benchmark_set,augmented,Forward_Return_5d,2026-03-11,0.0642259417544337,-0.047797866
BWXT,benchmark_set,augmented,Forward_Return_5d,2026-03-12,0.0603212095111948,-0.044200484
BWXT,benchmark_set,augmented,Forward_Return_5d,2026-03-13,0.0285385217568179,-0.042346213
BWXT,benchmark_set,augmented,Forward_Return_5d,2026-03-16,0.0008791167429454,-0.041764688
BWXT,benchmark_set,augmented,Forward_Return_5d,2026-03-17,-0.0131963941289886,-0.04233699
BWXT,benchmark_set,augmented,Forward_Return_5d,2026-03-18,0.0610242848896982,-0.04318835
BWXT,benchmark_set,augmented,Forward_Return_5d,2026-03-19,-0.0242298835180189,-0.043629006
BWXT,benchmark_set,augmented,Forward_Return_5d,2026-03-20,0.0141176295320194,-0.03199596
BWXT,benchmark_set,augmented,Forward_Return_5d,2026-03-23,-0.06692038079433,-0.026514502
BWXT,benchmark_set,augmented,Forward_Return_5d,2026-03-24,-0.0013194333675778,-0.024976041
BWXT,benchmark_set,augmented,Forward_Return_5d,2026-03-25,-0.042863080678964,-0.023762802
BWXT,benchmark_set,augmented,Forward_Return_5d,2026-03-26,0.0470960913416245,-0.018284503
BWXT,benchmark_set,augmented,Forward_Return_5d,2026-03-27,0.0640015768444665,-0.013576157
BWXT,benchmark_set,augmented,Forward_Return_5d,2026-03-30,0.1126723373507713,-0.019115446
BWXT,benchmark_set,augmented,Forward_Return_5d,2026-03-31,0.1252695392451248,-0.025805065
BWXT,benchmark_set,augmented,Forward_Return_5d,2026-04-01,0.0923968421533494,-0.030696724
CCJ,benchmark_set,baseline,Forward_Return_5d,2025-12-16,0.0705157438177135,-0.015161619
CCJ,benchmark_set,baseline,Forward_Return_5d,2025-12-17,0.0953637275906015,-0.012383767
CCJ,benchmark_set,baseline,Forward_Return_5d,2025-12-18,0.0583248596803761,-0.011505611
CCJ,benchmark_set,baseline,Forward_Return_5d,2025-12-19,0.0311790126535271,-0.011862671
CCJ,benchmark_set,baseline,Forward_Return_5d,2025-12-22,-0.0037141875174738,-0.0115221925
CCJ,benchmark_set,baseline,Forward_Return_5d,2025-12-23,-0.0207687917473283,-0.011658013
CCJ,benchmark_set,baseline,Forward_Return_5d,2025-12-24,0.054416773726863,-0.012066484
CCJ,benchmark_set,baseline,Forward_Return_5d,2025-12-26,0.0759911823833486,-0.012406373
CCJ,benchmark_set,baseline,Forward_Return_5d,2025-12-29,0.0949771993486891,-0.012822912
CCJ,benchmark_set,baseline,Forward_Return_5d,2025-12-30,0.1288966059983795,-0.013034219
CCJ,benchmark_set,baseline,Forward_Return_5d,2025-12-31,0.1449427429601163,-0.01263868
CCJ,benchmark_set,baseline,Forward_Return_5d,2026-01-02,0.0873833336881286,-0.012320302
CCJ,benchmark_set,baseline,Forward_Return_5d,2026-01-05,0.0917007342413354,-0.011237766
CCJ,benchmark_set,baseline,Forward_Return_5d,2026-01-06,0.0647589096850121,-0.009545764
CCJ,benchmark_set,baseline,Forward_Return_5d,2026-01-07,0.0638226927273029,-0.0079537835
CCJ,benchmark_set,baseline,Forward_Return_5d,2026-01-08,0.064798457377568,-0.0059492174
CCJ,benchmark_set,baseline,Forward_Return_5d,2026-01-09,0.0793273311419207,-0.0033712916
CCJ,benchmark_set,baseline,Forward_Return_5d,2026-01-12,0.0532951329070523,0.00043784658
CCJ,benchmark_set,baseline,Forward_Return_5d,2026-01-13,0.1161086750324284,0.003937866
CCJ,benchmark_set,baseline,Forward_Return_5d,2026-01-14,0.0953183995761837,0.006998877
CCJ,benchmark_set,baseline,Forward_Return_5d,2026-01-15,0.0946332479333573,0.009776556
CCJ,benchmark_set,baseline,Forward_Return_5d,2026-01-16,0.0405608784160297,0.0124331815
CCJ,benchmark_set,baseline,Forward_Return_5d,2026-01-20,0.0841792015620501,0.015676532
CCJ,benchmark_set,baseline,Forward_Return_5d,2026-01-21,0.0917888629537369,0.018633528
CCJ,benchmark_set,baseline,Forward_Return_5d,2026-01-22,0.0924191369126664,0.021613223
CCJ,benchmark_set,baseline,Forward_Return_5d,2026-01-23,-0.0052540356492335,0.024223054
CCJ,benchmark_set,baseline,Forward_Return_5d,2026-01-26,-0.0086968125604307,0.026364738
CCJ,benchmark_set,baseline,Forward_Return_5d,2026-01-27,0.0014278941281781,0.028582945
CCJ,benchmark_set,baseline,Forward_Return_5d,2026-01-28,-0.1551455068990908,0.030130755
CCJ,benchmark_set,baseline,Forward_Return_5d,2026-01-29,-0.2014606776329964,0.03201399
CCJ,benchmark_set,baseline,Forward_Return_5d,2026-01-30,-0.0824025342052768,0.034579027
CCJ,benchmark_set,baseline,Forward_Return_5d,2026-02-02,0.0039022111195654,0.03699659
CCJ,benchmark_set,baseline,Forward_Return_5d,2026-02-03,-0.0660246725807998,0.037774425
CCJ,benchmark_set,baseline,Forward_Return_5d,2026-02-04,0.0372692757978339,0.036893293
CCJ,benchmark_set,baseline,Forward_Return_5d,2026-02-05,0.063033231057801,0.035344973
CCJ,benchmark_set,baseline,Forward_Return_5d,2026-02-06,-0.006445047087712,0.031653844
CCJ,benchmark_set,baseline,Forward_Return_5d,2026-02-09,-0.0662856909581286,0.025457172
CCJ,benchmark_set,baseline,Forward_Return_5d,2026-02-10,-0.0135557415962618,0.017472025
CCJ,benchmark_set,baseline,Forward_Return_5d,2026-02-11,-0.0012594059550976,0.009240694
CCJ,benchmark_set,baseline,Forward_Return_5d,2026-02-12,0.0417323038885481,0.001413624
CCJ,benchmark_set,baseline,Forward_Return_5d,2026-02-13,0.0505179582438207,-0.005597399
CCJ,benchmark_set,baseline,Forward_Return_5d,2026-02-17,0.0695947734146692,-0.011296811
CCJ,benchmark_set,baseline,Forward_Return_5d,2026-02-18,0.0272644201750603,-0.016912686
CCJ,benchmark_set,baseline,Forward_Return_5d,2026-02-19,-0.0071666634245394,-0.022344356
CCJ,benchmark_set,baseline,Forward_Return_5d,2026-02-20,-0.0246101842610165,-0.027209068
CCJ,benchmark_set,baseline,Forward_Return_5d,2026-02-23,0.0571958230508969,-0.030895147
CCJ,benchmark_set,baseline,Forward_Return_5d,2026-02-24,-0.0275481135329706,-0.0338606
CCJ,benchmark_set,baseline,Forward_Return_5d,2026-02-25,0.0043340344975152,-0.03560533
CCJ,benchmark_set,baseline,Forward_Return_5d,2026-02-26,-0.0339074086080473,-0.036753356
CCJ,benchmark_set,baseline,Forward_Return_5d,2026-02-27,-0.0765016973009174,-0.037814222
CCJ,benchmark_set,baseline,Forward_Return_5d,2026-03-02,-0.0794199112770524,-0.038570292
CCJ,benchmark_set,baseline,Forward_Return_5d,2026-03-03,0.0192548168305976,-0.037825968
CCJ,benchmark_set,baseline,Forward_Return_5d,2026-03-04,-0.0411720377612213,-0.035911635
CCJ,benchmark_set,baseline,Forward_Return_5d,2026-03-05,0.0092359738512128,-0.034775175
CCJ,benchmark_set,baseline,Forward_Return_5d,2026-03-06,-0.0161768431037561,-0.03375507
CCJ,benchmark_set,baseline,Forward_Return_5d,2026-03-09,-0.0515017928395344,-0.033431236
CCJ,benchmark_set,baseline,Forward_Return_5d,2026-03-10,-0.0739542856632445,-0.034259032
CCJ,benchmark_set,baseline,Forward_Return_5d,2026-03-11,-0.053306785981524,-0.034254447
CCJ,benchmark_set,baseline,Forward_Return_5d,2026-03-12,-0.0784539563253074,-0.034130402
CCJ,benchmark_set,baseline,Forward_Return_5d,2026-03-13,-0.0608388768545536,-0.033942394
CCJ,benchmark_set,baseline,Forward_Return_5d,2026-03-16,-0.0439203247382005,-0.03339277
CCJ,benchmark_set,baseline,Forward_Return_5d,2026-03-17,-0.0317023795122035,-0.03397969
CCJ,benchmark_set,baseline,Forward_Return_5d,2026-03-18,-0.0034795830913571,-0.03576315
CCJ,benchmark_set,baseline,Forward_Return_5d,2026-03-19,-0.0182709710444865,-0.0382446
CCJ,benchmark_set,baseline,Forward_Return_5d,2026-03-20,0.0230700366643264,-0.040559355
CCJ,benchmark_set,baseline,Forward_Return_5d,2026-03-23,-0.026199890322948,-0.041908883
CCJ,benchmark_set,baseline,Forward_Return_5d,2026-03-24,0.0052619525132259,-0.043984536
CCJ,benchmark_set,baseline,Forward_Return_5d,2026-03-25,0.0191693416382896,-0.046800658
CCJ,benchmark_set,baseline,Forward_Return_5d,2026-03-26,0.0727627212825293,-0.049406547
CCJ,benchmark_set,baseline,Forward_Return_5d,2026-03-27,0.0612131847435299,-0.05212784
CCJ,benchmark_set,baseline,Forward_Return_5d,2026-03-30,0.0693947756412133,-0.053899866
CCJ,benchmark_set,baseline,Forward_Return_5d,2026-03-31,0.0649642735995767,-0.05468544
CCJ,benchmark_set,baseline,Forward_Return_5d,2026-04-01,0.0281259350177899,-0.05505895
CCJ,benchmark_set,augmented,Forward_Return_5d,2025-12-16,0.0705157438177135,-0.014896949
CCJ,benchmark_set,augmented,Forward_Return_5d,2025-12-17,0.0953637275906015,-0.012492408
CCJ,benchmark_set,augmented,Forward_Return_5d,2025-12-18,0.0583248596803761,-0.012717544
CCJ,benchmark_set,augmented,Forward_Return_5d,2025-12-19,0.0311790126535271,-0.01298735
CCJ,benchmark_set,augmented,Forward_Return_5d,2025-12-22,-0.0037141875174738,-0.013361028
CCJ,benchmark_set,augmented,Forward_Return_5d,2025-12-23,-0.0207687917473283,-0.011129113
CCJ,benchmark_set,augmented,Forward_Return_5d,2025-12-24,0.054416773726863,-0.011089933
CCJ,benchmark_set,augmented,Forward_Return_5d,2025-12-26,0.0759911823833486,-0.011077108
CCJ,benchmark_set,augmented,Forward_Return_5d,2025-12-29,0.0949771993486891,-0.010197005
CCJ,benchmark_set,augmented,Forward_Return_5d,2025-12-30,0.1288966059983795,-0.009007665
CCJ,benchmark_set,augmented,Forward_Return_5d,2025-12-31,0.1449427429601163,-0.01013652
CCJ,benchmark_set,augmented,Forward_Return_5d,2026-01-02,0.0873833336881286,-0.009432566
CCJ,benchmark_set,augmented,Forward_Return_5d,2026-01-05,0.0917007342413354,-0.008646722
CCJ,benchmark_set,augmented,Forward_Return_5d,2026-01-06,0.0647589096850121,-0.006657771
CCJ,benchmark_set,augmented,Forward_Return_5d,2026-01-07,0.0638226927273029,-0.0041703875
CCJ,benchmark_set,augmented,Forward_Return_5d,2026-01-08,0.064798457377568,-0.0010424433
CCJ,benchmark_set,augmented,Forward_Return_5d,2026-01-09,0.0793273311419207,0.0019110224
CCJ,benchmark_set,augmented,Forward_Return_5d,2026-01-12,0.0532951329070523,0.004717634
CCJ,benchmark_set,augmented,Forward_Return_5d,2026-01-13,0.1161086750324284,0.007548968
CCJ,benchmark_set,augmented,Forward_Return_5d,2026-01-14,0.0953183995761837,0.009975789
CCJ,benchmark_set,augmented,Forward_Return_5d,2026-01-15,0.0946332479333573,0.012232061
CCJ,benchmark_set,augmented,Forward_Return_5d,2026-01-16,0.0405608784160297,0.013899796
CCJ,benchmark_set,augmented,Forward_Return_5d,2026-01-20,0.0841792015620501,0.015954558
CCJ,benchmark_set,augmented,Forward_Return_5d,2026-01-21,0.0917888629537369,0.017510984
CCJ,benchmark_set,augmented,Forward_Return_5d,2026-01-22,0.0924191369126664,0.01919066
CCJ,benchmark_set,augmented,Forward_Return_5d,2026-01-23,-0.0052540356492335,0.02040294
CCJ,benchmark_set,augmented,Forward_Return_5d,2026-01-26,-0.0086968125604307,0.022436406
CCJ,benchmark_set,augmented,Forward_Return_5d,2026-01-27,0.0014278941281781,0.023884896
CCJ,benchmark_set,augmented,Forward_Return_5d,2026-01-28,-0.1551455068990908,0.026474787
CCJ,benchmark_set,augmented,Forward_Return_5d,2026-01-29,-0.2014606776329964,0.027368704
CCJ,benchmark_set,augmented,Forward_Return_5d,2026-01-30,-0.0824025342052768,0.028663227
CCJ,benchmark_set,augmented,Forward_Return_5d,2026-02-02,0.0039022111195654,0.025264382
CCJ,benchmark_set,augmented,Forward_Return_5d,2026-02-03,-0.0660246725807998,0.019966658
CCJ,benchmark_set,augmented,Forward_Return_5d,2026-02-04,0.0372692757978339,0.014699756
CCJ,benchmark_set,augmented,Forward_Return_5d,2026-02-05,0.063033231057801,0.011509164
CCJ,benchmark_set,augmented,Forward_Return_5d,2026-02-06,-0.006445047087712,0.008356291
CCJ,benchmark_set,augmented,Forward_Return_5d,2026-02-09,-0.0662856909581286,0.004960915
CCJ,benchmark_set,augmented,Forward_Return_5d,2026-02-10,-0.0135557415962618,0.005739345
CCJ,benchmark_set,augmented,Forward_Return_5d,2026-02-11,-0.0012594059550976,0.002506215
CCJ,benchmark_set,augmented,Forward_Return_5d,2026-02-12,0.0417323038885481,-0.0038397254
CCJ,benchmark_set,augmented,Forward_Return_5d,2026-02-13,0.0505179582438207,-0.013513621
CCJ,benchmark_set,augmented,Forward_Return_5d,2026-02-17,0.0695947734146692,-0.01750851
CCJ,benchmark_set,augmented,Forward_Return_5d,2026-02-18,0.0272644201750603,-0.01694972
CCJ,benchmark_set,augmented,Forward_Return_5d,2026-02-19,-0.0071666634245394,-0.020135347
CCJ,benchmark_set,augmented,Forward_Return_5d,2026-02-20,-0.0246101842610165,-0.023058224
CCJ,benchmark_set,augmented,Forward_Return_5d,2026-02-23,0.0571958230508969,-0.029298745
CCJ,benchmark_set,augmented,Forward_Return_5d,2026-02-24,-0.0275481135329706,-0.028637089
CCJ,benchmark_set,augmented,Forward_Return_5d,2026-02-25,0.0043340344975152,-0.028679397
CCJ,benchmark_set,augmented,Forward_Return_5d,2026-02-26,-0.0339074086080473,-0.029448677
CCJ,benchmark_set,augmented,Forward_Return_5d,2026-02-27,-0.0765016973009174,-0.022861764
CCJ,benchmark_set,augmented,Forward_Return_5d,2026-03-02,-0.0794199112770524,-0.020729229
CCJ,benchmark_set,augmented,Forward_Return_5d,2026-03-03,0.0192548168305976,-0.022233577
CCJ,benchmark_set,augmented,Forward_Return_5d,2026-03-04,-0.0411720377612213,-0.025603259
CCJ,benchmark_set,augmented,Forward_Return_5d,2026-03-05,0.0092359738512128,-0.02627051
CCJ,benchmark_set,augmented,Forward_Return_5d,2026-03-06,-0.0161768431037561,-0.032594644
CCJ,benchmark_set,augmented,Forward_Return_5d,2026-03-09,-0.0515017928395344,-0.03732842
CCJ,benchmark_set,augmented,Forward_Return_5d,2026-03-10,-0.0739542856632445,-0.03428109
CCJ,benchmark_set,augmented,Forward_Return_5d,2026-03-11,-0.053306785981524,-0.031919226
CCJ,benchmark_set,augmented,Forward_Return_5d,2026-03-12,-0.0784539563253074,-0.033525415
CCJ,benchmark_set,augmented,Forward_Return_5d,2026-03-13,-0.0608388768545536,-0.03383651
CCJ,benchmark_set,augmented,Forward_Return_5d,2026-03-16,-0.0439203247382005,-0.040822256
CCJ,benchmark_set,augmented,Forward_Return_5d,2026-03-17,-0.0317023795122035,-0.041984063
CCJ,benchmark_set,augmented,Forward_Return_5d,2026-03-18,-0.0034795830913571,-0.04281739
CCJ,benchmark_set,augmented,Forward_Return_5d,2026-03-19,-0.0182709710444865,-0.03821196
CCJ,benchmark_set,augmented,Forward_Return_5d,2026-03-20,0.0230700366643264,-0.032318696
CCJ,benchmark_set,augmented,Forward_Return_5d,2026-03-23,-0.026199890322948,-0.034705907
CCJ,benchmark_set,augmented,Forward_Return_5d,2026-03-24,0.0052619525132259,-0.037159376
CCJ,benchmark_set,augmented,Forward_Return_5d,2026-03-25,0.0191693416382896,-0.039890535
CCJ,benchmark_set,augmented,Forward_Return_5d,2026-03-26,0.0727627212825293,-0.039775908
CCJ,benchmark_set,augmented,Forward_Return_5d,2026-03-27,0.0612131847435299,-0.04209178
CCJ,benchmark_set,augmented,Forward_Return_5d,2026-03-30,0.0693947756412133,-0.042374194
CCJ,benchmark_set,augmented,Forward_Return_5d,2026-03-31,0.0649642735995767,-0.042321175
CCJ,benchmark_set,augmented,Forward_Return_5d,2026-04-01,0.0281259350177899,-0.042810194
CEG,benchmark_set,baseline,Forward_Return_5d,2025-12-16,-0.0118166167313074,0.01950439
CEG,benchmark_set,baseline,Forward_Return_5d,2025-12-17,0.0652220934912875,0.019982796
CEG,benchmark_set,baseline,Forward_Return_5d,2025-12-18,-0.0016354384536756,0.018617216
CEG,benchmark_set,baseline,Forward_Return_5d,2025-12-19,0.0082104556570211,0.018514166
CEG,benchmark_set,baseline,Forward_Return_5d,2025-12-22,-0.0019302884832438,0.017521478
CEG,benchmark_set,baseline,Forward_Return_5d,2025-12-23,-0.0225589790580904,0.016515022
CEG,benchmark_set,baseline,Forward_Return_5d,2025-12-24,0.0062996195012904,0.015485752
CEG,benchmark_set,baseline,Forward_Return_5d,2025-12-26,-0.0154322074031988,0.014365366
CEG,benchmark_set,baseline,Forward_Return_5d,2025-12-29,-0.0105203982650201,0.012790753
CEG,benchmark_set,baseline,Forward_Return_5d,2025-12-30,-0.0531637524821119,0.011123942
CEG,benchmark_set,baseline,Forward_Return_5d,2025-12-31,-0.0910054773860731,0.009671663
CEG,benchmark_set,baseline,Forward_Return_5d,2026-01-02,-0.0669861977164044,0.008331125
CEG,benchmark_set,baseline,Forward_Return_5d,2026-01-05,-0.0552544693778883,0.008015597
CEG,benchmark_set,baseline,Forward_Return_5d,2026-01-06,-0.0612010612221535,0.00669256
CEG,benchmark_set,baseline,Forward_Return_5d,2026-01-07,-0.0246645388586432,0.00588307
CEG,benchmark_set,baseline,Forward_Return_5d,2026-01-08,0.0562416953452669,0.004663898
CEG,benchmark_set,baseline,Forward_Return_5d,2026-01-09,-0.1071722222297075,0.00272081
CEG,benchmark_set,baseline,Forward_Return_5d,2026-01-12,-0.1283639468068276,0.0031421133
CEG,benchmark_set,baseline,Forward_Return_5d,2026-01-13,-0.1248953756688033,0.0029882207
CEG,benchmark_set,baseline,Forward_Return_5d,2026-01-14,-0.1395425129929578,0.0029143258
CEG,benchmark_set,baseline,Forward_Return_5d,2026-01-15,-0.1658345332939553,0.0032413262
CEG,benchmark_set,baseline,Forward_Return_5d,2026-01-16,-0.0757216980418797,0.004307304
CEG,benchmark_set,baseline,Forward_Return_5d,2026-01-20,-0.0227344413167479,0.0031871288
CEG,benchmark_set,baseline,Forward_Return_5d,2026-01-21,-0.0220506233690637,0.00244958
CEG,benchmark_set,baseline,Forward_Return_5d,2026-01-22,0.0003479030159749,0.0026423517
CEG,benchmark_set,baseline,Forward_Return_5d,2026-01-23,-0.0294191189863617,0.0028623058
CEG,benchmark_set,baseline,Forward_Return_5d,2026-01-26,-0.0517601305716216,0.0038570757
CEG,benchmark_set,baseline,Forward_Return_5d,2026-01-27,-0.0729311654582059,0.0046471693
CEG,benchmark_set,baseline,Forward_Return_5d,2026-01-28,-0.1394875957922136,0.006034626
CEG,benchmark_set,baseline,Forward_Return_5d,2026-01-29,-0.1514177359870626,0.0073822085
CEG,benchmark_set,baseline,Forward_Return_5d,2026-01-30,-0.0710868004592654,0.008820288
CEG,benchmark_set,baseline,Forward_Return_5d,2026-02-02,0.0046773916038986,0.010713898
CEG,benchmark_set,baseline,Forward_Return_5d,2026-02-03,0.0099706199725795,0.012662952
CEG,benchmark_set,baseline,Forward_Return_5d,2026-02-04,0.1001765880601307,0.015155403
CEG,benchmark_set,baseline,Forward_Return_5d,2026-02-05,0.111204311640444,0.016461771
CEG,benchmark_set,baseline,Forward_Return_5d,2026-02-06,0.0983239792108315,0.018686228
CEG,benchmark_set,baseline,Forward_Return_5d,2026-02-09,0.1074125133733076,0.021911742
CEG,benchmark_set,baseline,Forward_Return_5d,2026-02-10,0.0811143958695895,0.02519624
CEG,benchmark_set,baseline,Forward_Return_5d,2026-02-11,0.0521129376810595,0.027990485
CEG,benchmark_set,baseline,Forward_Return_5d,2026-02-12,0.0655972824858132,0.030715225
CEG,benchmark_set,baseline,Forward_Return_5d,2026-02-13,0.0184468773273796,0.033117756
CEG,benchmark_set,baseline,Forward_Return_5d,2026-02-17,0.0312866053046039,0.03602679
CEG,benchmark_set,baseline,Forward_Return_5d,2026-02-18,0.10265668115325,0.039713055
CEG,benchmark_set,baseline,Forward_Return_5d,2026-02-19,0.1037957975874213,0.042373743
CEG,benchmark_set,baseline,Forward_Return_5d,2026-02-20,0.1122962035286704,0.044813275
CEG,benchmark_set,baseline,Forward_Return_5d,2026-02-23,0.1075501308487166,0.04708419
CEG,benchmark_set,baseline,Forward_Return_5d,2026-02-24,0.038372606986684,0.048750415
CEG,benchmark_set,baseline,Forward_Return_5d,2026-02-25,-0.0092186254325138,0.050827563
CEG,benchmark_set,baseline,Forward_Return_5d,2026-02-26,0.0259612687670003,0.05234903
CEG,benchmark_set,baseline,Forward_Return_5d,2026-02-27,-0.0333498477397308,0.052569438
CEG,benchmark_set,baseline,Forward_Return_5d,2026-03-02,-0.0114888377539582,0.052765623
CEG,benchmark_set,baseline,Forward_Return_5d,2026-03-03,-0.0229002251296315,0.052273143
CEG,benchmark_set,baseline,Forward_Return_5d,2026-03-04,-0.0697688069391407,0.05116481
CEG,benchmark_set,baseline,Forward_Return_5d,2026-03-05,-0.0950708535273519,0.049553953
CEG,benchmark_set,baseline,Forward_Return_5d,2026-03-06,-0.0543748550666405,0.04862856
CEG,benchmark_set,baseline,Forward_Return_5d,2026-03-09,-0.0554097665732317,0.046706412
CEG,benchmark_set,baseline,Forward_Return_5d,2026-03-10,-0.0300928431578006,0.045383327
CEG,benchmark_set,baseline,Forward_Return_5d,2026-03-11,0.0535157014993109,0.04296384
CEG,benchmark_set,baseline,Forward_Return_5d,2026-03-12,0.0482926548030322,0.039407127
CEG,benchmark_set,baseline,Forward_Return_5d,2026-03-13,-0.0677935267227139,0.036540695
CEG,benchmark_set,baseline,Forward_Return_5d,2026-03-16,-0.0531585383452067,0.033779085
CEG,benchmark_set,baseline,Forward_Return_5d,2026-03-17,-0.0426260174000735,0.03185263
CEG,benchmark_set,baseline,Forward_Return_5d,2026-03-18,-0.0448071653439697,0.030744385
CEG,benchmark_set,baseline,Forward_Return_5d,2026-03-19,-0.0696092291346663,0.030298073
CEG,benchmark_set,baseline,Forward_Return_5d,2026-03-20,0.0668652410447795,0.02985254
CEG,benchmark_set,baseline,Forward_Return_5d,2026-03-23,0.0300852972695638,0.026361382
CEG,benchmark_set,baseline,Forward_Return_5d,2026-03-24,-0.0543593351976118,0.02403737
CEG,benchmark_set,baseline,Forward_Return_5d,2026-03-25,-0.0819292389038178,0.022116212
CEG,benchmark_set,baseline,Forward_Return_5d,2026-03-26,-0.0788069611730935,0.021070583
CEG,benchmark_set,baseline,Forward_Return_5d,2026-03-27,-0.0913840557632937,0.018669993
CEG,benchmark_set,baseline,Forward_Return_5d,2026-03-30,-0.0912062253693889,0.01722608
CEG,benchmark_set,baseline,Forward_Return_5d,2026-03-31,0.0178170141566973,0.0155338645
CEG,benchmark_set,baseline,Forward_Return_5d,2026-04-01,0.0396390791272289,0.012608188
CEG,benchmark_set,augmented,Forward_Return_5d,2025-12-16,-0.0118166167313074,-0.005524129
CEG,benchmark_set,augmented,Forward_Return_5d,2025-12-17,0.0652220934912875,-0.004027244
CEG,benchmark_set,augmented,Forward_Return_5d,2025-12-18,-0.0016354384536756,-0.0044387723
CEG,benchmark_set,augmented,Forward_Return_5d,2025-12-19,0.0082104556570211,-0.003134809
CEG,benchmark_set,augmented,Forward_Return_5d,2025-12-22,-0.0019302884832438,-0.0037002177
CEG,benchmark_set,augmented,Forward_Return_5d,2025-12-23,-0.0225589790580904,-0.0031025172
CEG,benchmark_set,augmented,Forward_Return_5d,2025-12-24,0.0062996195012904,-0.0040487484
CEG,benchmark_set,augmented,Forward_Return_5d,2025-12-26,-0.0154322074031988,-0.0054262024
CEG,benchmark_set,augmented,Forward_Return_5d,2025-12-29,-0.0105203982650201,-0.0077209375
CEG,benchmark_set,augmented,Forward_Return_5d,2025-12-30,-0.0531637524821119,-0.008490349
CEG,benchmark_set,augmented,Forward_Return_5d,2025-12-31,-0.0910054773860731,-0.010376765
CEG,benchmark_set,augmented,Forward_Return_5d,2026-01-02,-0.0669861977164044,-0.012177123
CEG,benchmark_set,augmented,Forward_Return_5d,2026-01-05,-0.0552544693778883,-0.010518935
CEG,benchmark_set,augmented,Forward_Return_5d,2026-01-06,-0.0612010612221535,-0.0129878055
CEG,benchmark_set,augmented,Forward_Return_5d,2026-01-07,-0.0246645388586432,-0.012751075
CEG,benchmark_set,augmented,Forward_Return_5d,2026-01-08,0.0562416953452669,-0.014537766
CEG,benchmark_set,augmented,Forward_Return_5d,2026-01-09,-0.1071722222297075,-0.014390067
CEG,benchmark_set,augmented,Forward_Return_5d,2026-01-12,-0.1283639468068276,-0.012401675
CEG,benchmark_set,augmented,Forward_Return_5d,2026-01-13,-0.1248953756688033,-0.014318379
CEG,benchmark_set,augmented,Forward_Return_5d,2026-01-14,-0.1395425129929578,-0.015153881
CEG,benchmark_set,augmented,Forward_Return_5d,2026-01-15,-0.1658345332939553,-0.013354707
CEG,benchmark_set,augmented,Forward_Return_5d,2026-01-16,-0.0757216980418797,-0.011756976
CEG,benchmark_set,augmented,Forward_Return_5d,2026-01-20,-0.0227344413167479,-0.014944327
CEG,benchmark_set,augmented,Forward_Return_5d,2026-01-21,-0.0220506233690637,-0.018727422
CEG,benchmark_set,augmented,Forward_Return_5d,2026-01-22,0.0003479030159749,-0.018515358
CEG,benchmark_set,augmented,Forward_Return_5d,2026-01-23,-0.0294191189863617,-0.018268326
CEG,benchmark_set,augmented,Forward_Return_5d,2026-01-26,-0.0517601305716216,-0.016226273
CEG,benchmark_set,augmented,Forward_Return_5d,2026-01-27,-0.0729311654582059,-0.016225751
CEG,benchmark_set,augmented,Forward_Return_5d,2026-01-28,-0.1394875957922136,-0.016751321
CEG,benchmark_set,augmented,Forward_Return_5d,2026-01-29,-0.1514177359870626,-0.01600691
CEG,benchmark_set,augmented,Forward_Return_5d,2026-01-30,-0.0710868004592654,-0.016357256
CEG,benchmark_set,augmented,Forward_Return_5d,2026-02-02,0.0046773916038986,-0.015566905
CEG,benchmark_set,augmented,Forward_Return_5d,2026-02-03,0.0099706199725795,-0.01248126
CEG,benchmark_set,augmented,Forward_Return_5d,2026-02-04,0.1001765880601307,-0.010612673
CEG,benchmark_set,augmented,Forward_Return_5d,2026-02-05,0.111204311640444,-0.009450872
CEG,benchmark_set,augmented,Forward_Return_5d,2026-02-06,0.0983239792108315,-0.0070193815
CEG,benchmark_set,augmented,Forward_Return_5d,2026-02-09,0.1074125133733076,-0.0027709077
CEG,benchmark_set,augmented,Forward_Return_5d,2026-02-10,0.0811143958695895,0.0023118858
CEG,benchmark_set,augmented,Forward_Return_5d,2026-02-11,0.0521129376810595,0.0054355157
CEG,benchmark_set,augmented,Forward_Return_5d,2026-02-12,0.0655972824858132,0.0074242684
CEG,benchmark_set,augmented,Forward_Return_5d,2026-02-13,0.0184468773273796,0.006014286
CEG,benchmark_set,augmented,Forward_Return_5d,2026-02-17,0.0312866053046039,0.0050327
CEG,benchmark_set,augmented,Forward_Return_5d,2026-02-18,0.10265668115325,0.007864447
CEG,benchmark_set,augmented,Forward_Return_5d,2026-02-19,0.1037957975874213,0.008258711
CEG,benchmark_set,augmented,Forward_Return_5d,2026-02-20,0.1122962035286704,0.009485915
CEG,benchmark_set,augmented,Forward_Return_5d,2026-02-23,0.1075501308487166,0.009975224
CEG,benchmark_set,augmented,Forward_Return_5d,2026-02-24,0.038372606986684,0.010433168
CEG,benchmark_set,augmented,Forward_Return_5d,2026-02-25,-0.0092186254325138,0.015151972
CEG,benchmark_set,augmented,Forward_Return_5d,2026-02-26,0.0259612687670003,0.01666792
CEG,benchmark_set,augmented,Forward_Return_5d,2026-02-27,-0.0333498477397308,0.0156173445
CEG,benchmark_set,augmented,Forward_Return_5d,2026-03-02,-0.0114888377539582,0.015080791
CEG,benchmark_set,augmented,Forward_Return_5d,2026-03-03,-0.0229002251296315,0.012527387
CEG,benchmark_set,augmented,Forward_Return_5d,2026-03-04,-0.0697688069391407,0.010863902
CEG,benchmark_set,augmented,Forward_Return_5d,2026-03-05,-0.0950708535273519,0.014586568
CEG,benchmark_set,augmented,Forward_Return_5d,2026-03-06,-0.0543748550666405,0.016995985
CEG,benchmark_set,augmented,Forward_Return_5d,2026-03-09,-0.0554097665732317,0.016021457
CEG,benchmark_set,augmented,Forward_Return_5d,2026-03-10,-0.0300928431578006,0.016166605
CEG,benchmark_set,augmented,Forward_Return_5d,2026-03-11,0.0535157014993109,0.015436367
CEG,benchmark_set,augmented,Forward_Return_5d,2026-03-12,0.0482926548030322,0.011258562
CEG,benchmark_set,augmented,Forward_Return_5d,2026-03-13,-0.0677935267227139,0.011537888
CEG,benchmark_set,augmented,Forward_Return_5d,2026-03-16,-0.0531585383452067,0.012215282
CEG,benchmark_set,augmented,Forward_Return_5d,2026-03-17,-0.0426260174000735,0.011998119
CEG,benchmark_set,augmented,Forward_Return_5d,2026-03-18,-0.0448071653439697,0.014477133
CEG,benchmark_set,augmented,Forward_Return_5d,2026-03-19,-0.0696092291346663,0.016170295
CEG,benchmark_set,augmented,Forward_Return_5d,2026-03-20,0.0668652410447795,0.01664355
CEG,benchmark_set,augmented,Forward_Return_5d,2026-03-23,0.0300852972695638,0.013863579
CEG,benchmark_set,augmented,Forward_Return_5d,2026-03-24,-0.0543593351976118,0.011691142
CEG,benchmark_set,augmented,Forward_Return_5d,2026-03-25,-0.0819292389038178,0.011266583
CEG,benchmark_set,augmented,Forward_Return_5d,2026-03-26,-0.0788069611730935,0.008159575
CEG,benchmark_set,augmented,Forward_Return_5d,2026-03-27,-0.0913840557632937,0.0063046673
CEG,benchmark_set,augmented,Forward_Return_5d,2026-03-30,-0.0912062253693889,0.0044261217
CEG,benchmark_set,augmented,Forward_Return_5d,2026-03-31,0.0178170141566973,0.0006775856
CEG,benchmark_set,augmented,Forward_Return_5d,2026-04-01,0.0396390791272289,-0.0040049464
LAC,core_set,baseline,Forward_Return_5d,2025-12-16,-0.0020942894947084,-0.13788684
LAC,core_set,baseline,Forward_Return_5d,2025-12-17,0.0528105794140351,-0.13686837
LAC,core_set,baseline,Forward_Return_5d,2025-12-18,0.0369206050343703,-0.1353547
LAC,core_set,baseline,Forward_Return_5d,2025-12-19,-0.0496326284222079,-0.13327566
LAC,core_set,baseline,Forward_Return_5d,2025-12-22,-0.101270588457738,-0.13061605
LAC,core_set,baseline,Forward_Return_5d,2025-12-23,-0.0898742129181031,-0.12782286
LAC,core_set,baseline,Forward_Return_5d,2025-12-24,-0.0186921644828862,-0.12533143
LAC,core_set,baseline,Forward_Return_5d,2025-12-26,0.1051472684284391,-0.12281582
LAC,core_set,baseline,Forward_Return_5d,2025-12-29,0.1871035840535876,-0.12043307
LAC,core_set,baseline,Forward_Return_5d,2025-12-30,0.2371046596052637,-0.11806369
LAC,core_set,baseline,Forward_Return_5d,2025-12-31,0.23590576885015,-0.11554769
LAC,core_set,baseline,Forward_Return_5d,2026-01-02,0.1221990592485285,-0.112864695
LAC,core_set,baseline,Forward_Return_5d,2026-01-05,0.1003576513570775,-0.109725155
LAC,core_set,baseline,Forward_Return_5d,2026-01-06,0.0691152492902694,-0.10667925
LAC,core_set,baseline,Forward_Return_5d,2026-01-07,0.0807304761753141,-0.10405573
LAC,core_set,baseline,Forward_Return_5d,2026-01-08,0.0614767575104452,-0.10186265
LAC,core_set,baseline,Forward_Return_5d,2026-01-09,0.100525127327613,-0.10024725
LAC,core_set,baseline,Forward_Return_5d,2026-01-12,0.0034662045390789,-0.098993614
LAC,core_set,baseline,Forward_Return_5d,2026-01-13,-0.0295416917728159,-0.09720333
LAC,core_set,baseline,Forward_Return_5d,2026-01-14,0.0114849779782082,-0.09582536
LAC,core_set,baseline,Forward_Return_5d,2026-01-15,0.0926739346573191,-0.09449355
LAC,core_set,baseline,Forward_Return_5d,2026-01-16,0.0050208864389429,-0.09363539
LAC,core_set,baseline,Forward_Return_5d,2026-01-20,0.0829662949057717,-0.09285974
LAC,core_set,baseline,Forward_Return_5d,2026-01-21,0.0582356554352327,-0.09252079
LAC,core_set,baseline,Forward_Return_5d,2026-01-22,-0.121255666284781,-0.092487626
LAC,core_set,baseline,Forward_Return_5d,2026-01-23,-0.2794346354060903,-0.09219196
LAC,core_set,baseline,Forward_Return_5d,2026-01-26,-0.2298436575889533,-0.09165758
LAC,core_set,baseline,Forward_Return_5d,2026-01-27,-0.1944973106116926,-0.09131417
LAC,core_set,baseline,Forward_Return_5d,2026-01-28,-0.2185783347619824,-0.091281496
LAC,core_set,baseline,Forward_Return_5d,2026-01-29,-0.208064447474005,-0.09172643
LAC,core_set,baseline,Forward_Return_5d,2026-01-30,-0.0440784982019649,-0.092445605
LAC,core_set,baseline,Forward_Return_5d,2026-02-02,0.0166670359272167,-0.0932684
LAC,core_set,baseline,Forward_Return_5d,2026-02-03,-0.0868356158577102,-0.094025075
LAC,core_set,baseline,Forward_Return_5d,2026-02-04,-0.0145987355408864,-0.09458312
LAC,core_set,baseline,Forward_Return_5d,2026-02-05,0.0290523487925143,-0.09551133
LAC,core_set,baseline,Forward_Return_5d,2026-02-06,-0.0064585225779681,-0.09686974
LAC,core_set,baseline,Forward_Return_5d,2026-02-09,-0.0639877486041237,-0.09784289
LAC,core_set,baseline,Forward_Return_5d,2026-02-10,-0.0431100837688371,-0.09896326
LAC,core_set,baseline,Forward_Return_5d,2026-02-11,-0.0320198303572802,-0.10036826
LAC,core_set,baseline,Forward_Return_5d,2026-02-12,-0.0066297993864012,-0.10164861
LAC,core_set,baseline,Forward_Return_5d,2026-02-13,-0.013043650346626,-0.102791116
LAC,core_set,baseline,Forward_Return_5d,2026-02-17,0.1044790708635938,-0.10362949
LAC,core_set,baseline,Forward_Return_5d,2026-02-18,0.1182724266928364,-0.10404148
LAC,core_set,baseline,Forward_Return_5d,2026-02-19,0.1107688472231258,-0.10414055
LAC,core_set,baseline,Forward_Return_5d,2026-02-20,0.1150692677265445,-0.104122214
LAC,core_set,baseline,Forward_Return_5d,2026-02-23,0.1136411742308973,-0.10423892
LAC,core_set,baseline,Forward_Return_5d,2026-02-24,-0.0550597736128181,-0.1042957
LAC,core_set,baseline,Forward_Return_5d,2026-02-25,-0.0605023581221517,-0.1038013
LAC,core_set,baseline,Forward_Return_5d,2026-02-26,-0.1129404504305938,-0.103450075
LAC,core_set,baseline,Forward_Return_5d,2026-02-27,-0.1062391971083747,-0.1033795
LAC,core_set,baseline,Forward_Return_5d,2026-03-02,-0.0984400792361669,-0.103475496
LAC,core_set,baseline,Forward_Return_5d,2026-03-03,-0.0169137062429031,-0.10350929
LAC,core_set,baseline,Forward_Return_5d,2026-03-04,-0.0252644775628122,-0.10340059
LAC,core_set,baseline,Forward_Return_5d,2026-03-05,-0.0109290078803903,-0.10308771
LAC,core_set,baseline,Forward_Return_5d,2026-03-06,-0.0357980782088328,-0.10262817
LAC,core_set,baseline,Forward_Return_5d,2026-03-09,-0.0553851407897317,-0.101995096
LAC,core_set,baseline,Forward_Return_5d,2026-03-10,-0.0413551978824381,-0.10121143
LAC,core_set,baseline,Forward_Return_5d,2026-03-11,-0.0914795360443655,-0.10031493
LAC,core_set,baseline,Forward_Return_5d,2026-03-12,-0.1263359764863675,-0.09947674
LAC,core_set,baseline,Forward_Return_5d,2026-03-13,-0.1682973097722289,-0.09877497
LAC,core_set,baseline,Forward_Return_5d,2026-03-16,-0.1081484588409741,-0.09811617
LAC,core_set,baseline,Forward_Return_5d,2026-03-17,-0.1152860983800333,-0.09706737
LAC,core_set,baseline,Forward_Return_5d,2026-03-18,-0.055236130400872,-0.0956126
LAC,core_set,baseline,Forward_Return_5d,2026-03-19,-0.0329561152659771,-0.09421988
LAC,core_set,baseline,Forward_Return_5d,2026-03-20,0.0499446906872415,-0.092844054
LAC,core_set,baseline,Forward_Return_5d,2026-03-23,-0.0388147288036308,-0.091375045
LAC,core_set,baseline,Forward_Return_5d,2026-03-24,-0.0150757074113835,-0.08977214
LAC,core_set,baseline,Forward_Return_5d,2026-03-25,-0.0250013372286174,-0.0884837
LAC,core_set,baseline,Forward_Return_5d,2026-03-26,0.040409499400475,-0.087590255
LAC,core_set,baseline,Forward_Return_5d,2026-03-27,0.0327898504314274,-0.08705765
LAC,core_set,baseline,Forward_Return_5d,2026-03-30,0.0464000928765352,-0.08638974
LAC,core_set,baseline,Forward_Return_5d,2026-03-31,0.0542004631217628,-0.08560126
LAC,core_set,baseline,Forward_Return_5d,2026-04-01,0.0348294163774052,-0.0845826
LAC,core_set,augmented,Forward_Return_5d,2025-12-16,-0.0020942894947084,-0.14264959
LAC,core_set,augmented,Forward_Return_5d,2025-12-17,0.0528105794140351,-0.14184923
LAC,core_set,augmented,Forward_Return_5d,2025-12-18,0.0369206050343703,-0.13412072
LAC,core_set,augmented,Forward_Return_5d,2025-12-19,-0.0496326284222079,-0.13108107
LAC,core_set,augmented,Forward_Return_5d,2025-12-22,-0.101270588457738,-0.12804984
LAC,core_set,augmented,Forward_Return_5d,2025-12-23,-0.0898742129181031,-0.12655093
LAC,core_set,augmented,Forward_Return_5d,2025-12-24,-0.0186921644828862,-0.12601453
LAC,core_set,augmented,Forward_Return_5d,2025-12-26,0.1051472684284391,-0.12521718
LAC,core_set,augmented,Forward_Return_5d,2025-12-29,0.1871035840535876,-0.12532389
LAC,core_set,augmented,Forward_Return_5d,2025-12-30,0.2371046596052637,-0.12443199
LAC,core_set,augmented,Forward_Return_5d,2025-12-31,0.23590576885015,-0.11291357
LAC,core_set,augmented,Forward_Return_5d,2026-01-02,0.1221990592485285,-0.10766322
LAC,core_set,augmented,Forward_Return_5d,2026-01-05,0.1003576513570775,-0.10521351
LAC,core_set,augmented,Forward_Return_5d,2026-01-06,0.0691152492902694,-0.10141689
LAC,core_set,augmented,Forward_Return_5d,2026-01-07,0.0807304761753141,-0.097740166
LAC,core_set,augmented,Forward_Return_5d,2026-01-08,0.0614767575104452,-0.09478232
LAC,core_set,augmented,Forward_Return_5d,2026-01-09,0.100525127327613,-0.0991596
LAC,core_set,augmented,Forward_Return_5d,2026-01-12,0.0034662045390789,-0.098145135
LAC,core_set,augmented,Forward_Return_5d,2026-01-13,-0.0295416917728159,-0.09697204
LAC,core_set,augmented,Forward_Return_5d,2026-01-14,0.0114849779782082,-0.09392084
LAC,core_set,augmented,Forward_Return_5d,2026-01-15,0.0926739346573191,-0.097106844
LAC,core_set,augmented,Forward_Return_5d,2026-01-16,0.0050208864389429,-0.09788819
LAC,core_set,augmented,Forward_Return_5d,2026-01-20,0.0829662949057717,-0.097183384
LAC,core_set,augmented,Forward_Return_5d,2026-01-21,0.0582356554352327,-0.09646309
LAC,core_set,augmented,Forward_Return_5d,2026-01-22,-0.121255666284781,-0.095807455
LAC,core_set,augmented,Forward_Return_5d,2026-01-23,-0.2794346354060903,-0.09372804
LAC,core_set,augmented,Forward_Return_5d,2026-01-26,-0.2298436575889533,-0.09219086
LAC,core_set,augmented,Forward_Return_5d,2026-01-27,-0.1944973106116926,-0.08227483
LAC,core_set,augmented,Forward_Return_5d,2026-01-28,-0.2185783347619824,-0.08680694
LAC,core_set,augmented,Forward_Return_5d,2026-01-29,-0.208064447474005,-0.09096561
LAC,core_set,augmented,Forward_Return_5d,2026-01-30,-0.0440784982019649,-0.09606864
LAC,core_set,augmented,Forward_Return_5d,2026-02-02,0.0166670359272167,-0.102535374
LAC,core_set,augmented,Forward_Return_5d,2026-02-03,-0.0868356158577102,-0.09946287
LAC,core_set,augmented,Forward_Return_5d,2026-02-04,-0.0145987355408864,-0.097675145
LAC,core_set,augmented,Forward_Return_5d,2026-02-05,0.0290523487925143,-0.086064756
LAC,core_set,augmented,Forward_Return_5d,2026-02-06,-0.0064585225779681,-0.08458247
LAC,core_set,augmented,Forward_Return_5d,2026-02-09,-0.0639877486041237,-0.08532481
LAC,core_set,augmented,Forward_Return_5d,2026-02-10,-0.0431100837688371,-0.08745989
LAC,core_set,augmented,Forward_Return_5d,2026-02-11,-0.0320198303572802,-0.090656094
LAC,core_set,augmented,Forward_Return_5d,2026-02-12,-0.0066297993864012,-0.09413786
LAC,core_set,augmented,Forward_Return_5d,2026-02-13,-0.013043650346626,-0.09814348
LAC,core_set,augmented,Forward_Return_5d,2026-02-17,0.1044790708635938,-0.10065025
LAC,core_set,augmented,Forward_Return_5d,2026-02-18,0.1182724266928364,-0.098834716
LAC,core_set,augmented,Forward_Return_5d,2026-02-19,0.1107688472231258,-0.09887848
LAC,core_set,augmented,Forward_Return_5d,2026-02-20,0.1150692677265445,-0.10152668
LAC,core_set,augmented,Forward_Return_5d,2026-02-23,0.1136411742308973,-0.1018297
LAC,core_set,augmented,Forward_Return_5d,2026-02-24,-0.0550597736128181,-0.10408973
LAC,core_set,augmented,Forward_Return_5d,2026-02-25,-0.0605023581221517,-0.102932975
LAC,core_set,augmented,Forward_Return_5d,2026-02-26,-0.1129404504305938,-0.10020595
LAC,core_set,augmented,Forward_Return_5d,2026-02-27,-0.1062391971083747,-0.09505491
LAC,core_set,augmented,Forward_Return_5d,2026-03-02,-0.0984400792361669,-0.093155645
LAC,core_set,augmented,Forward_Return_5d,2026-03-03,-0.0169137062429031,-0.093209326
LAC,core_set,augmented,Forward_Return_5d,2026-03-04,-0.0252644775628122,-0.093986824
LAC,core_set,augmented,Forward_Return_5d,2026-03-05,-0.0109290078803903,-0.09394651
LAC,core_set,augmented,Forward_Return_5d,2026-03-06,-0.0357980782088328,-0.09514658
LAC,core_set,augmented,Forward_Return_5d,2026-03-09,-0.0553851407897317,-0.09547595
LAC,core_set,augmented,Forward_Return_5d,2026-03-10,-0.0413551978824381,-0.0960175
LAC,core_set,augmented,Forward_Return_5d,2026-03-11,-0.0914795360443655,-0.0960123
LAC,core_set,augmented,Forward_Return_5d,2026-03-12,-0.1263359764863675,-0.09914932
LAC,core_set,augmented,Forward_Return_5d,2026-03-13,-0.1682973097722289,-0.10117508
LAC,core_set,augmented,Forward_Return_5d,2026-03-16,-0.1081484588409741,-0.10299272
LAC,core_set,augmented,Forward_Return_5d,2026-03-17,-0.1152860983800333,-0.10304308
LAC,core_set,augmented,Forward_Return_5d,2026-03-18,-0.055236130400872,-0.09666349
LAC,core_set,augmented,Forward_Return_5d,2026-03-19,-0.0329561152659771,-0.093686804
LAC,core_set,augmented,Forward_Return_5d,2026-03-20,0.0499446906872415,-0.09051729
LAC,core_set,augmented,Forward_Return_5d,2026-03-23,-0.0388147288036308,-0.07990772
LAC,core_set,augmented,Forward_Return_5d,2026-03-24,-0.0150757074113835,-0.07634229
LAC,core_set,augmented,Forward_Return_5d,2026-03-25,-0.0250013372286174,-0.067050114
LAC,core_set,augmented,Forward_Return_5d,2026-03-26,0.040409499400475,-0.06379865
LAC,core_set,augmented,Forward_Return_5d,2026-03-27,0.0327898504314274,-0.0639405
LAC,core_set,augmented,Forward_Return_5d,2026-03-30,0.0464000928765352,-0.06518153
LAC,core_set,augmented,Forward_Return_5d,2026-03-31,0.0542004631217628,-0.06791489
LAC,core_set,augmented,Forward_Return_5d,2026-04-01,0.0348294163774052,-0.06861833
LEU,core_set,baseline,Forward_Return_5d,2025-12-16,0.0900844840827873,0.2875659
LEU,core_set,baseline,Forward_Return_5d,2025-12-17,0.1628038291495862,0.28472042
LEU,core_set,baseline,Forward_Return_5d,2025-12-18,0.1018276805046827,0.2810856
LEU,core_set,baseline,Forward_Return_5d,2025-12-19,-0.0490499039335817,0.27332285
LEU,core_set,baseline,Forward_Return_5d,2025-12-22,-0.0556234785399326,0.2653462
LEU,core_set,baseline,Forward_Return_5d,2025-12-23,-0.0610800389501358,0.2600614
LEU,core_set,baseline,Forward_Return_5d,2025-12-24,0.0462649430804693,0.2541709
LEU,core_set,baseline,Forward_Return_5d,2025-12-26,0.1666335360456606,0.2495233
LEU,core_set,baseline,Forward_Return_5d,2025-12-29,0.2242342987925831,0.24230665
LEU,core_set,baseline,Forward_Return_5d,2025-12-30,0.2680496616307887,0.23559722
LEU,core_set,baseline,Forward_Return_5d,2025-12-31,0.1647922765287571,0.22861461
LEU,core_set,baseline,Forward_Return_5d,2026-01-02,0.1165672181672814,0.22164339
LEU,core_set,baseline,Forward_Return_5d,2026-01-05,0.0290341581503231,0.211989
LEU,core_set,baseline,Forward_Return_5d,2026-01-06,-0.0446515287746279,0.1997019
LEU,core_set,baseline,Forward_Return_5d,2026-01-07,-0.0488567160021627,0.1941338
LEU,core_set,baseline,Forward_Return_5d,2026-01-08,0.0670463110225305,0.19282532
LEU,core_set,baseline,Forward_Return_5d,2026-01-09,0.0780031697529267,0.19097927
LEU,core_set,baseline,Forward_Return_5d,2026-01-12,0.0213066808573053,0.18729939
LEU,core_set,baseline,Forward_Return_5d,2026-01-13,0.0188312418043529,0.18162894
LEU,core_set,baseline,Forward_Return_5d,2026-01-14,-0.0170513105431729,0.1713697
LEU,core_set,baseline,Forward_Return_5d,2026-01-15,-0.0329107173568088,0.16284588
LEU,core_set,baseline,Forward_Return_5d,2026-01-16,-0.1613662838077368,0.15513985
LEU,core_set,baseline,Forward_Return_5d,2026-01-20,-0.0208863951397083,0.14790578
LEU,core_set,baseline,Forward_Return_5d,2026-01-21,0.1055052914749355,0.1410146
LEU,core_set,baseline,Forward_Return_5d,2026-01-22,-0.0028814007191872,0.1340002
LEU,core_set,baseline,Forward_Return_5d,2026-01-23,-0.0623733518653307,0.1277485
LEU,core_set,baseline,Forward_Return_5d,2026-01-26,-0.0528078840821841,0.12147993
LEU,core_set,baseline,Forward_Return_5d,2026-01-27,-0.0981358926185931,0.11161472
LEU,core_set,baseline,Forward_Return_5d,2026-01-28,-0.2951710213642474,0.09598653
LEU,core_set,baseline,Forward_Return_5d,2026-01-29,-0.2194604734491362,0.08070072
LEU,core_set,baseline,Forward_Return_5d,2026-01-30,-0.0546882825282862,0.07018249
LEU,core_set,baseline,Forward_Return_5d,2026-02-02,0.0332351835961916,0.06132319
LEU,core_set,baseline,Forward_Return_5d,2026-02-03,-0.0567747191513381,0.05339813
LEU,core_set,baseline,Forward_Return_5d,2026-02-04,-0.1792954288460504,0.048658933
LEU,core_set,baseline,Forward_Return_5d,2026-02-05,-0.2678732369841988,0.044926014
LEU,core_set,baseline,Forward_Return_5d,2026-02-06,-0.2796803587967008,0.042151023
LEU,core_set,baseline,Forward_Return_5d,2026-02-09,-0.3262079132853307,0.038762677
LEU,core_set,baseline,Forward_Return_5d,2026-02-10,-0.248568743158929,0.03649397
LEU,core_set,baseline,Forward_Return_5d,2026-02-11,-0.0061092150355896,0.03916791
LEU,core_set,baseline,Forward_Return_5d,2026-02-12,0.0953592610887124,0.039017607
LEU,core_set,baseline,Forward_Return_5d,2026-02-13,0.0089960275643411,0.039563246
LEU,core_set,baseline,Forward_Return_5d,2026-02-17,0.0384775989749341,0.040897172
LEU,core_set,baseline,Forward_Return_5d,2026-02-18,0.0189797534657942,0.045673583
LEU,core_set,baseline,Forward_Return_5d,2026-02-19,0.0099086261033056,0.050982792
LEU,core_set,baseline,Forward_Return_5d,2026-02-20,-0.0056113526442139,0.057587277
LEU,core_set,baseline,Forward_Return_5d,2026-02-23,0.0342348451250264,0.066490345
LEU,core_set,baseline,Forward_Return_5d,2026-02-24,-0.0485608703831599,0.078413956
LEU,core_set,baseline,Forward_Return_5d,2026-02-25,-0.036503063783595,0.09042655
LEU,core_set,baseline,Forward_Return_5d,2026-02-26,-0.0823681626760113,0.1021394
LEU,core_set,baseline,Forward_Return_5d,2026-02-27,-0.0700193823659292,0.113835946
LEU,core_set,baseline,Forward_Return_5d,2026-03-02,-0.0601409367571451,0.12694472
LEU,core_set,baseline,Forward_Return_5d,2026-03-03,0.0175297198963193,0.13707846
LEU,core_set,baseline,Forward_Return_5d,2026-03-04,-0.0135341315491954,0.1452908
LEU,core_set,baseline,Forward_Return_5d,2026-03-05,0.1006397274349395,0.15298715
LEU,core_set,baseline,Forward_Return_5d,2026-03-06,0.1042269392100641,0.15823556
LEU,core_set,baseline,Forward_Return_5d,2026-03-09,0.0831916012461663,0.16223949
LEU,core_set,baseline,Forward_Return_5d,2026-03-10,0.0615965827280101,0.16593033
LEU,core_set,baseline,Forward_Return_5d,2026-03-11,0.0396813409717377,0.17078283
LEU,core_set,baseline,Forward_Return_5d,2026-03-12,-0.0464912492997356,0.17644858
LEU,core_set,baseline,Forward_Return_5d,2026-03-13,-0.1155674303327605,0.18441789
LEU,core_set,baseline,Forward_Return_5d,2026-03-16,-0.0946948629686885,0.19589804
LEU,core_set,baseline,Forward_Return_5d,2026-03-17,-0.0868071550360857,0.20839444
LEU,core_set,baseline,Forward_Return_5d,2026-03-18,-0.0757108043706931,0.22055823
LEU,core_set,baseline,Forward_Return_5d,2026-03-19,-0.0591537840254198,0.23014377
LEU,core_set,baseline,Forward_Return_5d,2026-03-20,-0.020884818663738,0.23723313
LEU,core_set,baseline,Forward_Return_5d,2026-03-23,-0.138791367089896,0.24142718
LEU,core_set,baseline,Forward_Return_5d,2026-03-24,-0.1206018048403226,0.2426285
LEU,core_set,baseline,Forward_Return_5d,2026-03-25,-0.0536762963645233,0.24224328
LEU,core_set,baseline,Forward_Return_5d,2026-03-26,-0.0536620327552138,0.23817043
LEU,core_set,baseline,Forward_Return_5d,2026-03-27,0.0034386131930951,0.23220108
LEU,core_set,baseline,Forward_Return_5d,2026-03-30,0.0289502183466297,0.22751792
LEU,core_set,baseline,Forward_Return_5d,2026-03-31,0.0910118986187937,0.22005196
LEU,core_set,baseline,Forward_Return_5d,2026-04-01,0.0020180274361951,0.21059506
LEU,core_set,augmented,Forward_Return_5d,2025-12-16,0.0900844840827873,0.29630816
LEU,core_set,augmented,Forward_Return_5d,2025-12-17,0.1628038291495862,0.29564518
LEU,core_set,augmented,Forward_Return_5d,2025-12-18,0.1018276805046827,0.29254746
LEU,core_set,augmented,Forward_Return_5d,2025-12-19,-0.0490499039335817,0.2840318
LEU,core_set,augmented,Forward_Return_5d,2025-12-22,-0.0556234785399326,0.2756582
LEU,core_set,augmented,Forward_Return_5d,2025-12-23,-0.0610800389501358,0.26984236
LEU,core_set,augmented,Forward_Return_5d,2025-12-24,0.0462649430804693,0.26440987
LEU,core_set,augmented,Forward_Return_5d,2025-12-26,0.1666335360456606,0.26021624
LEU,core_set,augmented,Forward_Return_5d,2025-12-29,0.2242342987925831,0.25339404
LEU,core_set,augmented,Forward_Return_5d,2025-12-30,0.2680496616307887,0.24647363
LEU,core_set,augmented,Forward_Return_5d,2025-12-31,0.1647922765287571,0.24492985
LEU,core_set,augmented,Forward_Return_5d,2026-01-02,0.1165672181672814,0.2442409
LEU,core_set,augmented,Forward_Return_5d,2026-01-05,0.0290341581503231,0.23562656
LEU,core_set,augmented,Forward_Return_5d,2026-01-06,-0.0446515287746279,0.22614002
LEU,core_set,augmented,Forward_Return_5d,2026-01-07,-0.0488567160021627,0.22452115
LEU,core_set,augmented,Forward_Return_5d,2026-01-08,0.0670463110225305,0.22614759
LEU,core_set,augmented,Forward_Return_5d,2026-01-09,0.0780031697529267,0.22465217
LEU,core_set,augmented,Forward_Return_5d,2026-01-12,0.0213066808573053,0.22068615
LEU,core_set,augmented,Forward_Return_5d,2026-01-13,0.0188312418043529,0.21732964
LEU,core_set,augmented,Forward_Return_5d,2026-01-14,-0.0170513105431729,0.20589456
LEU,core_set,augmented,Forward_Return_5d,2026-01-15,-0.0329107173568088,0.1950214
LEU,core_set,augmented,Forward_Return_5d,2026-01-16,-0.1613662838077368,0.18850562
LEU,core_set,augmented,Forward_Return_5d,2026-01-20,-0.0208863951397083,0.1798222
LEU,core_set,augmented,Forward_Return_5d,2026-01-21,0.1055052914749355,0.1691932
LEU,core_set,augmented,Forward_Return_5d,2026-01-22,-0.0028814007191872,0.15799777
LEU,core_set,augmented,Forward_Return_5d,2026-01-23,-0.0623733518653307,0.15175027
LEU,core_set,augmented,Forward_Return_5d,2026-01-26,-0.0528078840821841,0.1442069
LEU,core_set,augmented,Forward_Return_5d,2026-01-27,-0.0981358926185931,0.12559637
LEU,core_set,augmented,Forward_Return_5d,2026-01-28,-0.2951710213642474,0.10349867
LEU,core_set,augmented,Forward_Return_5d,2026-01-29,-0.2194604734491362,0.08407638
LEU,core_set,augmented,Forward_Return_5d,2026-01-30,-0.0546882825282862,0.06868228
LEU,core_set,augmented,Forward_Return_5d,2026-02-02,0.0332351835961916,0.058267698
LEU,core_set,augmented,Forward_Return_5d,2026-02-03,-0.0567747191513381,0.049655735
LEU,core_set,augmented,Forward_Return_5d,2026-02-04,-0.1792954288460504,0.043982506
LEU,core_set,augmented,Forward_Return_5d,2026-02-05,-0.2678732369841988,0.039816253
LEU,core_set,augmented,Forward_Return_5d,2026-02-06,-0.2796803587967008,0.03688097
LEU,core_set,augmented,Forward_Return_5d,2026-02-09,-0.3262079132853307,0.031507365
LEU,core_set,augmented,Forward_Return_5d,2026-02-10,-0.248568743158929,0.029318683
LEU,core_set,augmented,Forward_Return_5d,2026-02-11,-0.0061092150355896,0.029022504
LEU,core_set,augmented,Forward_Return_5d,2026-02-12,0.0953592610887124,0.028515926
LEU,core_set,augmented,Forward_Return_5d,2026-02-13,0.0089960275643411,0.02397422
LEU,core_set,augmented,Forward_Return_5d,2026-02-17,0.0384775989749341,0.02678414
LEU,core_set,augmented,Forward_Return_5d,2026-02-18,0.0189797534657942,0.03219603
LEU,core_set,augmented,Forward_Return_5d,2026-02-19,0.0099086261033056,0.03978864
LEU,core_set,augmented,Forward_Return_5d,2026-02-20,-0.0056113526442139,0.04920589
LEU,core_set,augmented,Forward_Return_5d,2026-02-23,0.0342348451250264,0.054127276
LEU,core_set,augmented,Forward_Return_5d,2026-02-24,-0.0485608703831599,0.06531938
LEU,core_set,augmented,Forward_Return_5d,2026-02-25,-0.036503063783595,0.07981184
LEU,core_set,augmented,Forward_Return_5d,2026-02-26,-0.0823681626760113,0.094287485
LEU,core_set,augmented,Forward_Return_5d,2026-02-27,-0.0700193823659292,0.104815744
LEU,core_set,augmented,Forward_Return_5d,2026-03-02,-0.0601409367571451,0.117888585
LEU,core_set,augmented,Forward_Return_5d,2026-03-03,0.0175297198963193,0.12858059
LEU,core_set,augmented,Forward_Return_5d,2026-03-04,-0.0135341315491954,0.13801153
LEU,core_set,augmented,Forward_Return_5d,2026-03-05,0.1006397274349395,0.15323393
LEU,core_set,augmented,Forward_Return_5d,2026-03-06,0.1042269392100641,0.16204144
LEU,core_set,augmented,Forward_Return_5d,2026-03-09,0.0831916012461663,0.1659763
LEU,core_set,augmented,Forward_Return_5d,2026-03-10,0.0615965827280101,0.17344937
LEU,core_set,augmented,Forward_Return_5d,2026-03-11,0.0396813409717377,0.18012953
LEU,core_set,augmented,Forward_Return_5d,2026-03-12,-0.0464912492997356,0.1808655
LEU,core_set,augmented,Forward_Return_5d,2026-03-13,-0.1155674303327605,0.18631953
LEU,core_set,augmented,Forward_Return_5d,2026-03-16,-0.0946948629686885,0.20169243
LEU,core_set,augmented,Forward_Return_5d,2026-03-17,-0.0868071550360857,0.21459572
LEU,core_set,augmented,Forward_Return_5d,2026-03-18,-0.0757108043706931,0.22486527
LEU,core_set,augmented,Forward_Return_5d,2026-03-19,-0.0591537840254198,0.23569138
LEU,core_set,augmented,Forward_Return_5d,2026-03-20,-0.020884818663738,0.24301063
LEU,core_set,augmented,Forward_Return_5d,2026-03-23,-0.138791367089896,0.24669048
LEU,core_set,augmented,Forward_Return_5d,2026-03-24,-0.1206018048403226,0.24908736
LEU,core_set,augmented,Forward_Return_5d,2026-03-25,-0.0536762963645233,0.25244147
LEU,core_set,augmented,Forward_Return_5d,2026-03-26,-0.0536620327552138,0.24746472
LEU,core_set,augmented,Forward_Return_5d,2026-03-27,0.0034386131930951,0.24321218
LEU,core_set,augmented,Forward_Return_5d,2026-03-30,0.0289502183466297,0.23469435
LEU,core_set,augmented,Forward_Return_5d,2026-03-31,0.0910118986187937,0.22565359
LEU,core_set,augmented,Forward_Return_5d,2026-04-01,0.0020180274361951,0.2151115
LTBR,core_set,baseline,Forward_Return_5d,2025-12-16,0.0027548200552563,0.0551251
LTBR,core_set,baseline,Forward_Return_5d,2025-12-17,0.1020550232911135,0.05776248
LTBR,core_set,baseline,Forward_Return_5d,2025-12-18,0.0176086551988123,0.05787721
LTBR,core_set,baseline,Forward_Return_5d,2025-12-19,-0.068737825328461,0.056099687
LTBR,core_set,baseline,Forward_Return_5d,2025-12-22,-0.1485282652747438,0.05483946
LTBR,core_set,baseline,Forward_Return_5d,2025-12-23,-0.1400370536014638,0.05585276
LTBR,core_set,baseline,Forward_Return_5d,2025-12-24,-0.0224256524016344,0.056801002
LTBR,core_set,baseline,Forward_Return_5d,2025-12-26,0.1268728884209898,0.05654111
LTBR,core_set,baseline,Forward_Return_5d,2025-12-29,0.2190034450795923,0.054406855
LTBR,core_set,baseline,Forward_Return_5d,2025-12-30,0.2525346793913934,0.05111813
LTBR,core_set,baseline,Forward_Return_5d,2025-12-31,0.242573819195064,0.047433622
LTBR,core_set,baseline,Forward_Return_5d,2026-01-02,0.1570825302624134,0.043977205
LTBR,core_set,baseline,Forward_Return_5d,2026-01-05,0.0560545592616908,0.042573895
LTBR,core_set,baseline,Forward_Return_5d,2026-01-06,0.0049049713083539,0.043535504
LTBR,core_set,baseline,Forward_Return_5d,2026-01-07,0.0936458603266586,0.047655642
LTBR,core_set,baseline,Forward_Return_5d,2026-01-08,0.0867526497544809,0.053446762
LTBR,core_set,baseline,Forward_Return_5d,2026-01-09,0.063364295628901,0.059903312
LTBR,core_set,baseline,Forward_Return_5d,2026-01-12,0.0391974075575678,0.06688592
LTBR,core_set,baseline,Forward_Return_5d,2026-01-13,0.1000251670408605,0.07304698
LTBR,core_set,baseline,Forward_Return_5d,2026-01-14,0.0187024233926581,0.077354826
LTBR,core_set,baseline,Forward_Return_5d,2026-01-15,0.0028417833077575,0.081108645
LTBR,core_set,baseline,Forward_Return_5d,2026-01-16,-0.0959926557320708,0.0839477
LTBR,core_set,baseline,Forward_Return_5d,2026-01-20,-0.0058411604243814,0.08696404
LTBR,core_set,baseline,Forward_Return_5d,2026-01-21,-0.0161788190108642,0.08952495
LTBR,core_set,baseline,Forward_Return_5d,2026-01-22,-0.1044526419168348,0.09229501
LTBR,core_set,baseline,Forward_Return_5d,2026-01-23,-0.1353166979786648,0.095177084
LTBR,core_set,baseline,Forward_Return_5d,2026-01-26,-0.0646219641613407,0.09640567
LTBR,core_set,baseline,Forward_Return_5d,2026-01-27,-0.0153486032781567,0.09329244
LTBR,core_set,baseline,Forward_Return_5d,2026-01-28,-0.2185142794324514,0.08777647
LTBR,core_set,baseline,Forward_Return_5d,2026-01-29,-0.2017467844585171,0.08180007
LTBR,core_set,baseline,Forward_Return_5d,2026-01-30,-0.0296758185410816,0.074809104
LTBR,core_set,baseline,Forward_Return_5d,2026-02-02,-0.0127646733872828,0.06581263
LTBR,core_set,baseline,Forward_Return_5d,2026-02-03,-0.1765085789101851,0.056593228
LTBR,core_set,baseline,Forward_Return_5d,2026-02-04,-0.0598376622216079,0.04959983
LTBR,core_set,baseline,Forward_Return_5d,2026-02-05,-0.0681473208689195,0.041411284
LTBR,core_set,baseline,Forward_Return_5d,2026-02-06,-0.1360205980447515,0.032307636
LTBR,core_set,baseline,Forward_Return_5d,2026-02-09,-0.112977152721499,0.025249504
LTBR,core_set,baseline,Forward_Return_5d,2026-02-10,-0.0644912153181371,0.019145364
LTBR,core_set,baseline,Forward_Return_5d,2026-02-11,-0.0029761898220524,0.013446608
LTBR,core_set,baseline,Forward_Return_5d,2026-02-12,0.0203928815165235,0.0077600176
LTBR,core_set,baseline,Forward_Return_5d,2026-02-13,-0.043894227311626,0.0024116053
LTBR,core_set,baseline,Forward_Return_5d,2026-02-17,-0.0144874494830457,-0.00040543417
LTBR,core_set,baseline,Forward_Return_5d,2026-02-18,0.0422441247855462,-0.00078757165
LTBR,core_set,baseline,Forward_Return_5d,2026-02-19,0.0329820888471444,-0.0010129322
LTBR,core_set,baseline,Forward_Return_5d,2026-02-20,0.0038744868245422,-0.00032211153
LTBR,core_set,baseline,Forward_Return_5d,2026-02-23,0.0377403676060683,0.0013168309
LTBR,core_set,baseline,Forward_Return_5d,2026-02-24,-0.0415583661266436,0.0035685576
LTBR,core_set,baseline,Forward_Return_5d,2026-02-25,-0.0714320735264967,0.0055731735
LTBR,core_set,baseline,Forward_Return_5d,2026-02-26,-0.1323990876859013,0.008929137
LTBR,core_set,baseline,Forward_Return_5d,2026-02-27,-0.1215605030437323,0.015035689
LTBR,core_set,baseline,Forward_Return_5d,2026-03-02,-0.1039896903394239,0.019171542
LTBR,core_set,baseline,Forward_Return_5d,2026-03-03,-0.0317228216831603,0.021869423
LTBR,core_set,baseline,Forward_Return_5d,2026-03-04,-0.0561044402905234,0.02352216
LTBR,core_set,baseline,Forward_Return_5d,2026-03-05,-0.0283824726499746,0.026212744
LTBR,core_set,baseline,Forward_Return_5d,2026-03-06,-0.0061322745876773,0.029594565
LTBR,core_set,baseline,Forward_Return_5d,2026-03-09,-0.0198882901859621,0.031935945
LTBR,core_set,baseline,Forward_Return_5d,2026-03-10,-0.0473862263547954,0.033972975
LTBR,core_set,baseline,Forward_Return_5d,2026-03-11,-0.0996063379997912,0.037112303
LTBR,core_set,baseline,Forward_Return_5d,2026-03-12,-0.1043261495592229,0.040759683
LTBR,core_set,baseline,Forward_Return_5d,2026-03-13,-0.0958375549171722,0.04412054
LTBR,core_set,baseline,Forward_Return_5d,2026-03-16,-0.0658785327901225,0.04724307
LTBR,core_set,baseline,Forward_Return_5d,2026-03-17,-0.0533934991366771,0.049932327
LTBR,core_set,baseline,Forward_Return_5d,2026-03-18,0.0287273482067829,0.051820453
LTBR,core_set,baseline,Forward_Return_5d,2026-03-19,0.0314548782100292,0.051024627
LTBR,core_set,baseline,Forward_Return_5d,2026-03-20,0.0342238398048398,0.04914803
LTBR,core_set,baseline,Forward_Return_5d,2026-03-23,-0.0846396866401714,0.047669757
LTBR,core_set,baseline,Forward_Return_5d,2026-03-24,-0.0259273542140088,0.046992507
LTBR,core_set,baseline,Forward_Return_5d,2026-03-25,-0.0620637375596744,0.04713512
LTBR,core_set,baseline,Forward_Return_5d,2026-03-26,0.0099684207306246,0.04836264
LTBR,core_set,baseline,Forward_Return_5d,2026-03-27,-0.0160154228551495,0.05056971
LTBR,core_set,baseline,Forward_Return_5d,2026-03-30,0.0466122365702319,0.053448264
LTBR,core_set,baseline,Forward_Return_5d,2026-03-31,0.0494153568475128,0.053927533
LTBR,core_set,baseline,Forward_Return_5d,2026-04-01,0.0065696807459422,0.054579947
LTBR,core_set,augmented,Forward_Return_5d,2025-12-16,0.0027548200552563,0.020497637
LTBR,core_set,augmented,Forward_Return_5d,2025-12-17,0.1020550232911135,0.026195806
LTBR,core_set,augmented,Forward_Return_5d,2025-12-18,0.0176086551988123,0.029422047
LTBR,core_set,augmented,Forward_Return_5d,2025-12-19,-0.068737825328461,0.03087604
LTBR,core_set,augmented,Forward_Return_5d,2025-12-22,-0.1485282652747438,0.032589015
LTBR,core_set,augmented,Forward_Return_5d,2025-12-23,-0.1400370536014638,0.035111595
LTBR,core_set,augmented,Forward_Return_5d,2025-12-24,-0.0224256524016344,0.036065158
LTBR,core_set,augmented,Forward_Return_5d,2025-12-26,0.1268728884209898,0.035162613
LTBR,core_set,augmented,Forward_Return_5d,2025-12-29,0.2190034450795923,0.03238737
LTBR,core_set,augmented,Forward_Return_5d,2025-12-30,0.2525346793913934,0.029304875
LTBR,core_set,augmented,Forward_Return_5d,2025-12-31,0.242573819195064,0.026276803
LTBR,core_set,augmented,Forward_Return_5d,2026-01-02,0.1570825302624134,0.023680689
LTBR,core_set,augmented,Forward_Return_5d,2026-01-05,0.0560545592616908,0.02234594
LTBR,core_set,augmented,Forward_Return_5d,2026-01-06,0.0049049713083539,0.021907082
LTBR,core_set,augmented,Forward_Return_5d,2026-01-07,0.0936458603266586,0.025992844
LTBR,core_set,augmented,Forward_Return_5d,2026-01-08,0.0867526497544809,0.02968894
LTBR,core_set,augmented,Forward_Return_5d,2026-01-09,0.063364295628901,0.033851042
LTBR,core_set,augmented,Forward_Return_5d,2026-01-12,0.0391974075575678,0.039288256
LTBR,core_set,augmented,Forward_Return_5d,2026-01-13,0.1000251670408605,0.044224977
LTBR,core_set,augmented,Forward_Return_5d,2026-01-14,0.0187024233926581,0.048022904
LTBR,core_set,augmented,Forward_Return_5d,2026-01-15,0.0028417833077575,0.05243396
LTBR,core_set,augmented,Forward_Return_5d,2026-01-16,-0.0959926557320708,0.055147577
LTBR,core_set,augmented,Forward_Return_5d,2026-01-20,-0.0058411604243814,0.058469396
LTBR,core_set,augmented,Forward_Return_5d,2026-01-21,-0.0161788190108642,0.061852653
LTBR,core_set,augmented,Forward_Return_5d,2026-01-22,-0.1044526419168348,0.06564193
LTBR,core_set,augmented,Forward_Return_5d,2026-01-23,-0.1353166979786648,0.06910881
LTBR,core_set,augmented,Forward_Return_5d,2026-01-26,-0.0646219641613407,0.070919804
LTBR,core_set,augmented,Forward_Return_5d,2026-01-27,-0.0153486032781567,0.06904699
LTBR,core_set,augmented,Forward_Return_5d,2026-01-28,-0.2185142794324514,0.06512305
LTBR,core_set,augmented,Forward_Return_5d,2026-01-29,-0.2017467844585171,0.06058608
LTBR,core_set,augmented,Forward_Return_5d,2026-01-30,-0.0296758185410816,0.054684494
LTBR,core_set,augmented,Forward_Return_5d,2026-02-02,-0.0127646733872828,0.044765532
LTBR,core_set,augmented,Forward_Return_5d,2026-02-03,-0.1765085789101851,0.03567015
LTBR,core_set,augmented,Forward_Return_5d,2026-02-04,-0.0598376622216079,0.028431606
LTBR,core_set,augmented,Forward_Return_5d,2026-02-05,-0.0681473208689195,0.022405617
LTBR,core_set,augmented,Forward_Return_5d,2026-02-06,-0.1360205980447515,0.014054458
LTBR,core_set,augmented,Forward_Return_5d,2026-02-09,-0.112977152721499,0.0067874943
LTBR,core_set,augmented,Forward_Return_5d,2026-02-10,-0.0644912153181371,-0.00041260023
LTBR,core_set,augmented,Forward_Return_5d,2026-02-11,-0.0029761898220524,-0.007938356
LTBR,core_set,augmented,Forward_Return_5d,2026-02-12,0.0203928815165235,-0.015042311
LTBR,core_set,augmented,Forward_Return_5d,2026-02-13,-0.043894227311626,-0.020984331
LTBR,core_set,augmented,Forward_Return_5d,2026-02-17,-0.0144874494830457,-0.024698155
LTBR,core_set,augmented,Forward_Return_5d,2026-02-18,0.0422441247855462,-0.022989342
LTBR,core_set,augmented,Forward_Return_5d,2026-02-19,0.0329820888471444,-0.023133019
LTBR,core_set,augmented,Forward_Return_5d,2026-02-20,0.0038744868245422,-0.022981053
LTBR,core_set,augmented,Forward_Return_5d,2026-02-23,0.0377403676060683,-0.021723935
LTBR,core_set,augmented,Forward_Return_5d,2026-02-24,-0.0415583661266436,-0.0189522
LTBR,core_set,augmented,Forward_Return_5d,2026-02-25,-0.0714320735264967,-0.017350696
LTBR,core_set,augmented,Forward_Return_5d,2026-02-26,-0.1323990876859013,-0.014741557
LTBR,core_set,augmented,Forward_Return_5d,2026-02-27,-0.1215605030437323,-0.008633439
LTBR,core_set,augmented,Forward_Return_5d,2026-03-02,-0.1039896903394239,-0.002677986
LTBR,core_set,augmented,Forward_Return_5d,2026-03-03,-0.0317228216831603,0.0006829178
LTBR,core_set,augmented,Forward_Return_5d,2026-03-04,-0.0561044402905234,0.0033160914
LTBR,core_set,augmented,Forward_Return_5d,2026-03-05,-0.0283824726499746,0.0069815926
LTBR,core_set,augmented,Forward_Return_5d,2026-03-06,-0.0061322745876773,0.0112736495
LTBR,core_set,augmented,Forward_Return_5d,2026-03-09,-0.0198882901859621,0.014952846
LTBR,core_set,augmented,Forward_Return_5d,2026-03-10,-0.0473862263547954,0.018139178
LTBR,core_set,augmented,Forward_Return_5d,2026-03-11,-0.0996063379997912,0.02283646
LTBR,core_set,augmented,Forward_Return_5d,2026-03-12,-0.1043261495592229,0.02708856
LTBR,core_set,augmented,Forward_Return_5d,2026-03-13,-0.0958375549171722,0.030667512
LTBR,core_set,augmented,Forward_Return_5d,2026-03-16,-0.0658785327901225,0.03409578
LTBR,core_set,augmented,Forward_Return_5d,2026-03-17,-0.0533934991366771,0.038371734
LTBR,core_set,augmented,Forward_Return_5d,2026-03-18,0.0287273482067829,0.041207477
LTBR,core_set,augmented,Forward_Return_5d,2026-03-19,0.0314548782100292,0.042489592
LTBR,core_set,augmented,Forward_Return_5d,2026-03-20,0.0342238398048398,0.04221139
LTBR,core_set,augmented,Forward_Return_5d,2026-03-23,-0.0846396866401714,0.04174524
LTBR,core_set,augmented,Forward_Return_5d,2026-03-24,-0.0259273542140088,0.041017357
LTBR,core_set,augmented,Forward_Return_5d,2026-03-25,-0.0620637375596744,0.04035234
LTBR,core_set,augmented,Forward_Return_5d,2026-03-26,0.0099684207306246,0.040770914
LTBR,core_set,augmented,Forward_Return_5d,2026-03-27,-0.0160154228551495,0.041174997
LTBR,core_set,augmented,Forward_Return_5d,2026-03-30,0.0466122365702319,0.042677846
LTBR,core_set,augmented,Forward_Return_5d,2026-03-31,0.0494153568475128,0.042582385
LTBR,core_set,augmented,Forward_Return_5d,2026-04-01,0.0065696807459422,0.042976867
NNE,core_set,baseline,Forward_Return_5d,2025-12-18,-0.0592816531726151,0.04251315
NNE,core_set,baseline,Forward_Return_5d,2025-12-19,-0.2232949004633777,0.0388135
NNE,core_set,baseline,Forward_Return_5d,2025-12-22,-0.2814352113938728,0.023309136
NNE,core_set,baseline,Forward_Return_5d,2025-12-23,-0.2794223055727675,0.015430642
NNE,core_set,baseline,Forward_Return_5d,2025-12-24,-0.092969639287563,0.011120712
NNE,core_set,baseline,Forward_Return_5d,2025-12-26,0.0828198833052576,0.009211345
NNE,core_set,baseline,Forward_Return_5d,2025-12-29,0.1891114729898555,0.009173378
NNE,core_set,baseline,Forward_Return_5d,2025-12-30,0.2310671230874065,0.010903434
NNE,core_set,baseline,Forward_Return_5d,2025-12-31,0.3195511234473609,0.011007869
NNE,core_set,baseline,Forward_Return_5d,2026-01-02,0.1478702534978287,0.009412692
NNE,core_set,baseline,Forward_Return_5d,2026-01-05,0.077977644415518,-0.003432501
NNE,core_set,baseline,Forward_Return_5d,2026-01-06,0.0155426848565892,-0.017609354
NNE,core_set,baseline,Forward_Return_5d,2026-01-07,0.0916508448398305,-0.021498397
NNE,core_set,baseline,Forward_Return_5d,2026-01-08,0.0099354070190534,-0.017065568
NNE,core_set,baseline,Forward_Return_5d,2026-01-09,0.1082616464915453,-0.0152344275
NNE,core_set,baseline,Forward_Return_5d,2026-01-12,0.0118837265338969,-0.008293953
NNE,core_set,baseline,Forward_Return_5d,2026-01-13,0.0696917922815244,-0.004343953
NNE,core_set,baseline,Forward_Return_5d,2026-01-14,0.0488317630979012,0.0034376578
NNE,core_set,baseline,Forward_Return_5d,2026-01-15,0.0396469033429938,0.0077295005
NNE,core_set,baseline,Forward_Return_5d,2026-01-16,-0.0841863292601264,0.015993066
NNE,core_set,baseline,Forward_Return_5d,2026-01-20,0.0353968249697935,0.018549126
NNE,core_set,baseline,Forward_Return_5d,2026-01-21,-0.0060597239783882,0.027398793
NNE,core_set,baseline,Forward_Return_5d,2026-01-22,-0.1168482957731116,0.03010817
NNE,core_set,baseline,Forward_Return_5d,2026-01-23,-0.1667792461482817,0.032236993
NNE,core_set,baseline,Forward_Return_5d,2026-01-26,-0.1683302929422025,0.037842
NNE,core_set,baseline,Forward_Return_5d,2026-01-27,-0.1601072638246015,0.04138088
NNE,core_set,baseline,Forward_Return_5d,2026-01-28,-0.2170118790894192,0.036473684
NNE,core_set,baseline,Forward_Return_5d,2026-01-29,-0.2062748168245931,0.031897422
NNE,core_set,baseline,Forward_Return_5d,2026-01-30,-0.0066558720247603,0.032250978
NNE,core_set,baseline,Forward_Return_5d,2026-02-02,0.0288122857614291,0.03293534
NNE,core_set,baseline,Forward_Return_5d,2026-02-03,-0.1211342420942617,0.034135234
NNE,core_set,baseline,Forward_Return_5d,2026-02-04,-0.061164128285948,0.025287965
NNE,core_set,baseline,Forward_Return_5d,2026-02-05,-0.0528558063743136,0.023553297
NNE,core_set,baseline,Forward_Return_5d,2026-02-06,-0.1637283524238838,0.022905163
NNE,core_set,baseline,Forward_Return_5d,2026-02-09,-0.1225718670873739,0.014481337
NNE,core_set,baseline,Forward_Return_5d,2026-02-10,-0.0547178137844046,0.010379899
NNE,core_set,baseline,Forward_Return_5d,2026-02-11,-0.0192981675151645,0.015208876
NNE,core_set,baseline,Forward_Return_5d,2026-02-12,-0.0072904454654449,0.016030218
NNE,core_set,baseline,Forward_Return_5d,2026-02-13,-0.0142192268232362,0.020075325
NNE,core_set,baseline,Forward_Return_5d,2026-02-17,0.0075025242533027,0.023325706
NNE,core_set,baseline,Forward_Return_5d,2026-02-18,0.0815451013539409,0.02343053
NNE,core_set,baseline,Forward_Return_5d,2026-02-19,0.0772207963099774,0.021234255
NNE,core_set,baseline,Forward_Return_5d,2026-02-20,0.0777887525482561,0.020055283
NNE,core_set,baseline,Forward_Return_5d,2026-02-23,0.1205070578114011,0.024020135
NNE,core_set,baseline,Forward_Return_5d,2026-02-24,0.0233292219144777,0.027826373
NNE,core_set,baseline,Forward_Return_5d,2026-02-25,-0.0313692685624299,0.027099248
NNE,core_set,baseline,Forward_Return_5d,2026-02-26,-0.0807343721827606,0.021522323
NNE,core_set,baseline,Forward_Return_5d,2026-02-27,-0.1218340702689322,0.021603756
NNE,core_set,baseline,Forward_Return_5d,2026-03-02,-0.1520973910632845,0.027245425
NNE,core_set,baseline,Forward_Return_5d,2026-03-03,-0.0849870477007326,0.027070982
NNE,core_set,baseline,Forward_Return_5d,2026-03-04,-0.0638306697659011,0.034915786
NNE,core_set,baseline,Forward_Return_5d,2026-03-05,-0.0746797262110124,0.04070216
NNE,core_set,baseline,Forward_Return_5d,2026-03-06,-0.0310638096637827,0.046990644
NNE,core_set,baseline,Forward_Return_5d,2026-03-09,-0.0754082479526471,0.05502413
NNE,core_set,baseline,Forward_Return_5d,2026-03-10,-0.0974882523285695,0.05600776
NNE,core_set,baseline,Forward_Return_5d,2026-03-11,-0.1521308774251077,0.05424933
NNE,core_set,baseline,Forward_Return_5d,2026-03-12,-0.1217415254063108,0.051153533
NNE,core_set,baseline,Forward_Return_5d,2026-03-13,-0.078364272499603,0.05229497
NNE,core_set,baseline,Forward_Return_5d,2026-03-16,0.002728577132426,0.055667795
NNE,core_set,baseline,Forward_Return_5d,2026-03-17,-0.0032339918850841,0.052969195
NNE,core_set,baseline,Forward_Return_5d,2026-03-18,0.0324252935910596,0.046994675
NNE,core_set,baseline,Forward_Return_5d,2026-03-19,0.0066413617050366,0.042385433
NNE,core_set,baseline,Forward_Return_5d,2026-03-20,-0.0391448596013354,0.037408255
NNE,core_set,baseline,Forward_Return_5d,2026-03-23,-0.1475121729166341,0.029503193
NNE,core_set,baseline,Forward_Return_5d,2026-03-24,-0.0537074209431699,0.023477495
NNE,core_set,baseline,Forward_Return_5d,2026-03-25,-0.0727765970381424,0.026248544
NNE,core_set,baseline,Forward_Return_5d,2026-03-26,0.0108159788878059,0.028834455
NNE,core_set,baseline,Forward_Return_5d,2026-03-27,0.0583897549605373,0.036627937
NNE,core_set,baseline,Forward_Return_5d,2026-03-30,0.0567782549687691,0.046585176
NNE,core_set,baseline,Forward_Return_5d,2026-03-31,0.09362197797461,0.054953344
NNE,core_set,baseline,Forward_Return_5d,2026-04-01,0.059239619891972,0.0546198
NNE,core_set,augmented,Forward_Return_5d,2025-12-18,-0.0592816531726151,0.0044742413
NNE,core_set,augmented,Forward_Return_5d,2025-12-19,-0.2232949004633777,-0.0032653827
NNE,core_set,augmented,Forward_Return_5d,2025-12-22,-0.2814352113938728,-0.041613005
NNE,core_set,augmented,Forward_Return_5d,2025-12-23,-0.2794223055727675,-0.060534686
NNE,core_set,augmented,Forward_Return_5d,2025-12-24,-0.092969639287563,-0.10408903
NNE,core_set,augmented,Forward_Return_5d,2025-12-26,0.0828198833052576,-0.07665881
NNE,core_set,augmented,Forward_Return_5d,2025-12-29,0.1891114729898555,-0.05997774
NNE,core_set,augmented,Forward_Return_5d,2025-12-30,0.2310671230874065,-0.07011399
NNE,core_set,augmented,Forward_Return_5d,2025-12-31,0.3195511234473609,-0.068653174
NNE,core_set,augmented,Forward_Return_5d,2026-01-02,0.1478702534978287,-0.05278144
NNE,core_set,augmented,Forward_Return_5d,2026-01-05,0.077977644415518,-0.060215138
NNE,core_set,augmented,Forward_Return_5d,2026-01-06,0.0155426848565892,-0.079459235
NNE,core_set,augmented,Forward_Return_5d,2026-01-07,0.0916508448398305,-0.053752698
NNE,core_set,augmented,Forward_Return_5d,2026-01-08,0.0099354070190534,-0.040503643
NNE,core_set,augmented,Forward_Return_5d,2026-01-09,0.1082616464915453,-0.04026734
NNE,core_set,augmented,Forward_Return_5d,2026-01-12,0.0118837265338969,-0.030111702
NNE,core_set,augmented,Forward_Return_5d,2026-01-13,0.0696917922815244,-0.014237873
NNE,core_set,augmented,Forward_Return_5d,2026-01-14,0.0488317630979012,-0.0071692
NNE,core_set,augmented,Forward_Return_5d,2026-01-15,0.0396469033429938,-0.020397723
NNE,core_set,augmented,Forward_Return_5d,2026-01-16,-0.0841863292601264,-0.037644953
NNE,core_set,augmented,Forward_Return_5d,2026-01-20,0.0353968249697935,-0.046382144
NNE,core_set,augmented,Forward_Return_5d,2026-01-21,-0.0060597239783882,-0.072067834
NNE,core_set,augmented,Forward_Return_5d,2026-01-22,-0.1168482957731116,-0.10299218
NNE,core_set,augmented,Forward_Return_5d,2026-01-23,-0.1667792461482817,-0.11662723
NNE,core_set,augmented,Forward_Return_5d,2026-01-26,-0.1683302929422025,-0.08560559
NNE,core_set,augmented,Forward_Return_5d,2026-01-27,-0.1601072638246015,-0.07121742
NNE,core_set,augmented,Forward_Return_5d,2026-01-28,-0.2170118790894192,-0.06665164
NNE,core_set,augmented,Forward_Return_5d,2026-01-29,-0.2062748168245931,-0.078549
NNE,core_set,augmented,Forward_Return_5d,2026-01-30,-0.0066558720247603,-0.050626583
NNE,core_set,augmented,Forward_Return_5d,2026-02-02,0.0288122857614291,-0.024638796
NNE,core_set,augmented,Forward_Return_5d,2026-02-03,-0.1211342420942617,-0.0052560586
NNE,core_set,augmented,Forward_Return_5d,2026-02-04,-0.061164128285948,0.016063109
NNE,core_set,augmented,Forward_Return_5d,2026-02-05,-0.0528558063743136,0.037157267
NNE,core_set,augmented,Forward_Return_5d,2026-02-06,-0.1637283524238838,0.014807431
NNE,core_set,augmented,Forward_Return_5d,2026-02-09,-0.1225718670873739,-0.0015111566
NNE,core_set,augmented,Forward_Return_5d,2026-02-10,-0.0547178137844046,-0.0063949656
NNE,core_set,augmented,Forward_Return_5d,2026-02-11,-0.0192981675151645,-0.009704836
NNE,core_set,augmented,Forward_Return_5d,2026-02-12,-0.0072904454654449,-0.007034797
NNE,core_set,augmented,Forward_Return_5d,2026-02-13,-0.0142192268232362,-0.016811667
NNE,core_set,augmented,Forward_Return_5d,2026-02-17,0.0075025242533027,-0.013527323
NNE,core_set,augmented,Forward_Return_5d,2026-02-18,0.0815451013539409,-0.010611486
NNE,core_set,augmented,Forward_Return_5d,2026-02-19,0.0772207963099774,-0.010707647
NNE,core_set,augmented,Forward_Return_5d,2026-02-20,0.0777887525482561,-0.004334405
NNE,core_set,augmented,Forward_Return_5d,2026-02-23,0.1205070578114011,-0.009436889
NNE,core_set,augmented,Forward_Return_5d,2026-02-24,0.0233292219144777,-0.0022274842
NNE,core_set,augmented,Forward_Return_5d,2026-02-25,-0.0313692685624299,-0.005692049
NNE,core_set,augmented,Forward_Return_5d,2026-02-26,-0.0807343721827606,-0.016975176
NNE,core_set,augmented,Forward_Return_5d,2026-02-27,-0.1218340702689322,-0.03028039
NNE,core_set,augmented,Forward_Return_5d,2026-03-02,-0.1520973910632845,-0.034174107
NNE,core_set,augmented,Forward_Return_5d,2026-03-03,-0.0849870477007326,-0.036474638
NNE,core_set,augmented,Forward_Return_5d,2026-03-04,-0.0638306697659011,-0.024232162
NNE,core_set,augmented,Forward_Return_5d,2026-03-05,-0.0746797262110124,-0.015225116
NNE,core_set,augmented,Forward_Return_5d,2026-03-06,-0.0310638096637827,-0.00563458
NNE,core_set,augmented,Forward_Return_5d,2026-03-09,-0.0754082479526471,0.00081252493
NNE,core_set,augmented,Forward_Return_5d,2026-03-10,-0.0974882523285695,0.0015707482
NNE,core_set,augmented,Forward_Return_5d,2026-03-11,-0.1521308774251077,0.0022196341
NNE,core_set,augmented,Forward_Return_5d,2026-03-12,-0.1217415254063108,-0.017789613
NNE,core_set,augmented,Forward_Return_5d,2026-03-13,-0.078364272499603,-0.022879155
NNE,core_set,augmented,Forward_Return_5d,2026-03-16,0.002728577132426,-0.014836824
NNE,core_set,augmented,Forward_Return_5d,2026-03-17,-0.0032339918850841,-0.03579498
NNE,core_set,augmented,Forward_Return_5d,2026-03-18,0.0324252935910596,-0.06232205
NNE,core_set,augmented,Forward_Return_5d,2026-03-19,0.0066413617050366,-0.06408395
NNE,core_set,augmented,Forward_Return_5d,2026-03-20,-0.0391448596013354,-0.06470782
NNE,core_set,augmented,Forward_Return_5d,2026-03-23,-0.1475121729166341,-0.058470145
NNE,core_set,augmented,Forward_Return_5d,2026-03-24,-0.0537074209431699,-0.0568178
NNE,core_set,augmented,Forward_Return_5d,2026-03-25,-0.0727765970381424,-0.05940018
NNE,core_set,augmented,Forward_Return_5d,2026-03-26,0.0108159788878059,-0.033482835
NNE,core_set,augmented,Forward_Return_5d,2026-03-27,0.0583897549605373,-0.022387838
NNE,core_set,augmented,Forward_Return_5d,2026-03-30,0.0567782549687691,-0.008960361
NNE,core_set,augmented,Forward_Return_5d,2026-03-31,0.09362197797461,0.0009142086
NNE,core_set,augmented,Forward_Return_5d,2026-04-01,0.059239619891972,-0.0036474233
NXE,core_set,baseline,Forward_Return_5d,2025-12-16,0.1098528377971703,-0.03171195
NXE,core_set,baseline,Forward_Return_5d,2025-12-17,0.1418805903122097,-0.03286482
NXE,core_set,baseline,Forward_Return_5d,2025-12-18,0.0845573880280629,-0.03338792
NXE,core_set,baseline,Forward_Return_5d,2025-12-19,0.0141383662338692,-0.03187745
NXE,core_set,baseline,Forward_Return_5d,2025-12-22,-0.0032840460588546,-0.029100087
NXE,core_set,baseline,Forward_Return_5d,2025-12-23,-0.0236316333644723,-0.026137145
NXE,core_set,baseline,Forward_Return_5d,2025-12-24,0.0812629842623493,-0.023036398
NXE,core_set,baseline,Forward_Return_5d,2025-12-26,0.1474876290277255,-0.020277083
NXE,core_set,baseline,Forward_Return_5d,2025-12-29,0.1648919039280351,-0.018780392
NXE,core_set,baseline,Forward_Return_5d,2025-12-30,0.1810415385714844,-0.017140375
NXE,core_set,baseline,Forward_Return_5d,2025-12-31,0.1594163124116985,-0.016812373
NXE,core_set,baseline,Forward_Return_5d,2026-01-02,0.0466973621851433,-0.016699538
NXE,core_set,baseline,Forward_Return_5d,2026-01-05,0.0357343921973406,-0.015272745
NXE,core_set,baseline,Forward_Return_5d,2026-01-06,0.0253177839677662,-0.014957027
NXE,core_set,baseline,Forward_Return_5d,2026-01-07,0.0534409810121089,-0.015171411
NXE,core_set,baseline,Forward_Return_5d,2026-01-08,0.0826770311982517,-0.01673702
NXE,core_set,baseline,Forward_Return_5d,2026-01-09,0.1017226718080457,-0.019521225
NXE,core_set,baseline,Forward_Return_5d,2026-01-12,0.0770610770386002,-0.022402532
NXE,core_set,baseline,Forward_Return_5d,2026-01-13,0.0977423326910725,-0.024742372
NXE,core_set,baseline,Forward_Return_5d,2026-01-14,0.0847683696543028,-0.027042441
NXE,core_set,baseline,Forward_Return_5d,2026-01-15,0.0708114382746986,-0.028271405
NXE,core_set,baseline,Forward_Return_5d,2026-01-16,0.0240975477596271,-0.029620599
NXE,core_set,baseline,Forward_Return_5d,2026-01-20,0.0629747782671153,-0.030783683
NXE,core_set,baseline,Forward_Return_5d,2026-01-21,0.1196705664249375,-0.032004636
NXE,core_set,baseline,Forward_Return_5d,2026-01-22,0.0587949831576536,-0.032942366
NXE,core_set,baseline,Forward_Return_5d,2026-01-23,-0.0007952468835422,-0.033609625
NXE,core_set,baseline,Forward_Return_5d,2026-01-26,-0.0032894734255888,-0.03472262
NXE,core_set,baseline,Forward_Return_5d,2026-01-27,-0.0189578958923642,-0.036955882
NXE,core_set,baseline,Forward_Return_5d,2026-01-28,-0.1805989188120111,-0.03721469
NXE,core_set,baseline,Forward_Return_5d,2026-01-29,-0.1833739895000406,-0.036700215
NXE,core_set,baseline,Forward_Return_5d,2026-01-30,-0.1297879609304432,-0.038399737
NXE,core_set,baseline,Forward_Return_5d,2026-02-02,-0.0386278103835005,-0.04108781
NXE,core_set,baseline,Forward_Return_5d,2026-02-03,-0.0684803512954846,-0.0439305
NXE,core_set,baseline,Forward_Return_5d,2026-02-04,0.028003520841294,-0.045344245
NXE,core_set,baseline,Forward_Return_5d,2026-02-05,0.0406775833409204,-0.04802031
NXE,core_set,baseline,Forward_Return_5d,2026-02-06,0.0512027041815415,-0.050290722
NXE,core_set,baseline,Forward_Return_5d,2026-02-09,-0.0051502619529948,-0.052639615
NXE,core_set,baseline,Forward_Return_5d,2026-02-10,0.0277912558450551,-0.05190587
NXE,core_set,baseline,Forward_Return_5d,2026-02-11,0.0321147684261057,-0.050667267
NXE,core_set,baseline,Forward_Return_5d,2026-02-12,0.0702630187261426,-0.049077082
NXE,core_set,baseline,Forward_Return_5d,2026-02-13,0.0641619817755669,-0.048587196
NXE,core_set,baseline,Forward_Return_5d,2026-02-17,0.1006160994524394,-0.048217144
NXE,core_set,baseline,Forward_Return_5d,2026-02-18,0.062771990975539,-0.04776563
NXE,core_set,baseline,Forward_Return_5d,2026-02-19,0.0334692650115426,-0.04704903
NXE,core_set,baseline,Forward_Return_5d,2026-02-20,0.0317991515546496,-0.046644203
NXE,core_set,baseline,Forward_Return_5d,2026-02-23,0.0708743262179591,-0.04673982
NXE,core_set,baseline,Forward_Return_5d,2026-02-24,-0.0388784167749661,-0.047794476
NXE,core_set,baseline,Forward_Return_5d,2026-02-25,-0.0039077217966106,-0.04920761
NXE,core_set,baseline,Forward_Return_5d,2026-02-26,-0.0286188540067886,-0.05218065
NXE,core_set,baseline,Forward_Return_5d,2026-02-27,-0.0555027508074142,-0.055196054
NXE,core_set,baseline,Forward_Return_5d,2026-03-02,-0.049316644905401,-0.05868314
NXE,core_set,baseline,Forward_Return_5d,2026-03-03,0.0504839332089142,-0.06114633
NXE,core_set,baseline,Forward_Return_5d,2026-03-04,-0.0102322900109288,-0.066066846
NXE,core_set,baseline,Forward_Return_5d,2026-03-05,0.0048270745735589,-0.06840414
NXE,core_set,baseline,Forward_Return_5d,2026-03-06,0.0008268068814175,-0.07151816
NXE,core_set,baseline,Forward_Return_5d,2026-03-09,-0.0762977810229267,-0.073879756
NXE,core_set,baseline,Forward_Return_5d,2026-03-10,-0.0850552846408585,-0.07460573
NXE,core_set,baseline,Forward_Return_5d,2026-03-11,-0.0721624539470994,-0.07452838
NXE,core_set,baseline,Forward_Return_5d,2026-03-12,-0.0897877088192998,-0.07505586
NXE,core_set,baseline,Forward_Return_5d,2026-03-13,-0.071948841090591,-0.075585544
NXE,core_set,baseline,Forward_Return_5d,2026-03-16,-0.0285363017021549,-0.076508656
NXE,core_set,baseline,Forward_Return_5d,2026-03-17,-0.0263060964499575,-0.07754188
NXE,core_set,baseline,Forward_Return_5d,2026-03-18,-0.0034071550003274,-0.07743687
NXE,core_set,baseline,Forward_Return_5d,2026-03-19,-0.0275941331681593,-0.077211015
NXE,core_set,baseline,Forward_Return_5d,2026-03-20,-0.0197316056449201,-0.07778908
NXE,core_set,baseline,Forward_Return_5d,2026-03-23,-0.0503703118503186,-0.07954008
NXE,core_set,baseline,Forward_Return_5d,2026-03-24,-0.0025828453730809,-0.08047146
NXE,core_set,baseline,Forward_Return_5d,2026-03-25,-0.0102916759352544,-0.07919065
NXE,core_set,baseline,Forward_Return_5d,2026-03-26,0.0570079492069446,-0.07829922
NXE,core_set,baseline,Forward_Return_5d,2026-03-27,0.0408219979755968,-0.078378245
NXE,core_set,baseline,Forward_Return_5d,2026-03-30,0.0468553729830577,-0.07824356
NXE,core_set,baseline,Forward_Return_5d,2026-03-31,-0.0043196775159964,-0.078552075
NXE,core_set,baseline,Forward_Return_5d,2026-04-01,-0.0147986702552014,-0.07715634
NXE,core_set,augmented,Forward_Return_5d,2025-12-16,0.1098528377971703,-0.010388352
NXE,core_set,augmented,Forward_Return_5d,2025-12-17,0.1418805903122097,-0.013158049
NXE,core_set,augmented,Forward_Return_5d,2025-12-18,0.0845573880280629,-0.01574449
NXE,core_set,augmented,Forward_Return_5d,2025-12-19,0.0141383662338692,-0.018047929
NXE,core_set,augmented,Forward_Return_5d,2025-12-22,-0.0032840460588546,-0.01975567
NXE,core_set,augmented,Forward_Return_5d,2025-12-23,-0.0236316333644723,-0.020127768
NXE,core_set,augmented,Forward_Return_5d,2025-12-24,0.0812629842623493,-0.01856647
NXE,core_set,augmented,Forward_Return_5d,2025-12-26,0.1474876290277255,-0.015716478
NXE,core_set,augmented,Forward_Return_5d,2025-12-29,0.1648919039280351,-0.013424339
NXE,core_set,augmented,Forward_Return_5d,2025-12-30,0.1810415385714844,-0.011097917
NXE,core_set,augmented,Forward_Return_5d,2025-12-31,0.1594163124116985,-0.009784573
NXE,core_set,augmented,Forward_Return_5d,2026-01-02,0.0466973621851433,-0.008941909
NXE,core_set,augmented,Forward_Return_5d,2026-01-05,0.0357343921973406,-0.009458197
NXE,core_set,augmented,Forward_Return_5d,2026-01-06,0.0253177839677662,-0.0083804205
NXE,core_set,augmented,Forward_Return_5d,2026-01-07,0.0534409810121089,-0.0056504644
NXE,core_set,augmented,Forward_Return_5d,2026-01-08,0.0826770311982517,-0.004041465
NXE,core_set,augmented,Forward_Return_5d,2026-01-09,0.1017226718080457,-0.0027425531
NXE,core_set,augmented,Forward_Return_5d,2026-01-12,0.0770610770386002,-0.002326578
NXE,core_set,augmented,Forward_Return_5d,2026-01-13,0.0977423326910725,-0.002677761
NXE,core_set,augmented,Forward_Return_5d,2026-01-14,0.0847683696543028,-0.0039752387
NXE,core_set,augmented,Forward_Return_5d,2026-01-15,0.0708114382746986,-0.0048386976
NXE,core_set,augmented,Forward_Return_5d,2026-01-16,0.0240975477596271,-0.007373172
NXE,core_set,augmented,Forward_Return_5d,2026-01-20,0.0629747782671153,-0.009025883
NXE,core_set,augmented,Forward_Return_5d,2026-01-21,0.1196705664249375,-0.009982245
NXE,core_set,augmented,Forward_Return_5d,2026-01-22,0.0587949831576536,-0.010635812
NXE,core_set,augmented,Forward_Return_5d,2026-01-23,-0.0007952468835422,-0.010824526
NXE,core_set,augmented,Forward_Return_5d,2026-01-26,-0.0032894734255888,-0.011120381
NXE,core_set,augmented,Forward_Return_5d,2026-01-27,-0.0189578958923642,-0.013369348
NXE,core_set,augmented,Forward_Return_5d,2026-01-28,-0.1805989188120111,-0.015582409
NXE,core_set,augmented,Forward_Return_5d,2026-01-29,-0.1833739895000406,-0.018353546
NXE,core_set,augmented,Forward_Return_5d,2026-01-30,-0.1297879609304432,-0.021162312
NXE,core_set,augmented,Forward_Return_5d,2026-02-02,-0.0386278103835005,-0.024311114
NXE,core_set,augmented,Forward_Return_5d,2026-02-03,-0.0684803512954846,-0.028343251
NXE,core_set,augmented,Forward_Return_5d,2026-02-04,0.028003520841294,-0.032699384
NXE,core_set,augmented,Forward_Return_5d,2026-02-05,0.0406775833409204,-0.036952578
NXE,core_set,augmented,Forward_Return_5d,2026-02-06,0.0512027041815415,-0.039366484
NXE,core_set,augmented,Forward_Return_5d,2026-02-09,-0.0051502619529948,-0.0424437
NXE,core_set,augmented,Forward_Return_5d,2026-02-10,0.0277912558450551,-0.044581782
NXE,core_set,augmented,Forward_Return_5d,2026-02-11,0.0321147684261057,-0.047372244
NXE,core_set,augmented,Forward_Return_5d,2026-02-12,0.0702630187261426,-0.049313158
NXE,core_set,augmented,Forward_Return_5d,2026-02-13,0.0641619817755669,-0.04973791
NXE,core_set,augmented,Forward_Return_5d,2026-02-17,0.1006160994524394,-0.0500969
NXE,core_set,augmented,Forward_Return_5d,2026-02-18,0.062771990975539,-0.05025025
NXE,core_set,augmented,Forward_Return_5d,2026-02-19,0.0334692650115426,-0.05119431
NXE,core_set,augmented,Forward_Return_5d,2026-02-20,0.0317991515546496,-0.052492373
NXE,core_set,augmented,Forward_Return_5d,2026-02-23,0.0708743262179591,-0.05302153
NXE,core_set,augmented,Forward_Return_5d,2026-02-24,-0.0388784167749661,-0.052569836
NXE,core_set,augmented,Forward_Return_5d,2026-02-25,-0.0039077217966106,-0.05215979
NXE,core_set,augmented,Forward_Return_5d,2026-02-26,-0.0286188540067886,-0.050965697
NXE,core_set,augmented,Forward_Return_5d,2026-02-27,-0.0555027508074142,-0.04950056
NXE,core_set,augmented,Forward_Return_5d,2026-03-02,-0.049316644905401,-0.04912275
NXE,core_set,augmented,Forward_Return_5d,2026-03-03,0.0504839332089142,-0.050575897
NXE,core_set,augmented,Forward_Return_5d,2026-03-04,-0.0102322900109288,-0.050815996
NXE,core_set,augmented,Forward_Return_5d,2026-03-05,0.0048270745735589,-0.050047103
NXE,core_set,augmented,Forward_Return_5d,2026-03-06,0.0008268068814175,-0.052778404
NXE,core_set,augmented,Forward_Return_5d,2026-03-09,-0.0762977810229267,-0.05616188
NXE,core_set,augmented,Forward_Return_5d,2026-03-10,-0.0850552846408585,-0.060439516
NXE,core_set,augmented,Forward_Return_5d,2026-03-11,-0.0721624539470994,-0.063411616
NXE,core_set,augmented,Forward_Return_5d,2026-03-12,-0.0897877088192998,-0.06490712
NXE,core_set,augmented,Forward_Return_5d,2026-03-13,-0.071948841090591,-0.065991275
NXE,core_set,augmented,Forward_Return_5d,2026-03-16,-0.0285363017021549,-0.06796035
NXE,core_set,augmented,Forward_Return_5d,2026-03-17,-0.0263060964499575,-0.06989286
NXE,core_set,augmented,Forward_Return_5d,2026-03-18,-0.0034071550003274,-0.071155354
NXE,core_set,augmented,Forward_Return_5d,2026-03-19,-0.0275941331681593,-0.07178624
NXE,core_set,augmented,Forward_Return_5d,2026-03-20,-0.0197316056449201,-0.07309878
NXE,core_set,augmented,Forward_Return_5d,2026-03-23,-0.0503703118503186,-0.0778663
NXE,core_set,augmented,Forward_Return_5d,2026-03-24,-0.0025828453730809,-0.0804869
NXE,core_set,augmented,Forward_Return_5d,2026-03-25,-0.0102916759352544,-0.081130676
NXE,core_set,augmented,Forward_Return_5d,2026-03-26,0.0570079492069446,-0.08026869
NXE,core_set,augmented,Forward_Return_5d,2026-03-27,0.0408219979755968,-0.07795666
NXE,core_set,augmented,Forward_Return_5d,2026-03-30,0.0468553729830577,-0.07561111
NXE,core_set,augmented,Forward_Return_5d,2026-03-31,-0.0043196775159964,-0.074264415
NXE,core_set,augmented,Forward_Return_5d,2026-04-01,-0.0147986702552014,-0.07468905
SMR,core_set,baseline,Forward_Return_5d,2025-12-16,-0.0695354407866645,-0.024893384
SMR,core_set,baseline,Forward_Return_5d,2025-12-17,0.0220065710373001,-0.024461143
SMR,core_set,baseline,Forward_Return_5d,2025-12-18,-0.0613769349147507,-0.024918346
SMR,core_set,baseline,Forward_Return_5d,2025-12-19,-0.1041858054149612,-0.025629215
SMR,core_set,baseline,Forward_Return_5d,2025-12-22,-0.1381503277318001,-0.025939694
SMR,core_set,baseline,Forward_Return_5d,2025-12-23,-0.1195849198607957,-0.025531515
SMR,core_set,baseline,Forward_Return_5d,2025-12-24,0.0142021248825674,-0.025386315
SMR,core_set,baseline,Forward_Return_5d,2025-12-26,0.2347926194058042,-0.024958327
SMR,core_set,baseline,Forward_Return_5d,2025-12-29,0.3012294104698668,-0.025571732
SMR,core_set,baseline,Forward_Return_5d,2025-12-30,0.3079161612255823,-0.026146948
SMR,core_set,baseline,Forward_Return_5d,2025-12-31,0.3279675771928864,-0.026470196
SMR,core_set,baseline,Forward_Return_5d,2026-01-02,0.2291341993550739,-0.026079448
SMR,core_set,baseline,Forward_Return_5d,2026-01-05,0.0488408040120269,-0.024186905
SMR,core_set,baseline,Forward_Return_5d,2026-01-06,-0.0175262300178984,-0.022170138
SMR,core_set,baseline,Forward_Return_5d,2026-01-07,0.0183211545670434,-0.019076029
SMR,core_set,baseline,Forward_Return_5d,2026-01-08,-0.0399327343976502,-0.016281247
SMR,core_set,baseline,Forward_Return_5d,2026-01-09,-0.0157251244674767,-0.013444697
SMR,core_set,baseline,Forward_Return_5d,2026-01-12,-0.0371943351882961,-0.010820375
SMR,core_set,baseline,Forward_Return_5d,2026-01-13,0.0266819555511059,-0.008698768
SMR,core_set,baseline,Forward_Return_5d,2026-01-14,0.0400349723577607,-0.006876323
SMR,core_set,baseline,Forward_Return_5d,2026-01-15,0.0450037584549719,-0.0043879463
SMR,core_set,baseline,Forward_Return_5d,2026-01-16,-0.0928368148934469,-0.0025157216
SMR,core_set,baseline,Forward_Return_5d,2026-01-20,0.0104713396037244,-0.0001286989
SMR,core_set,baseline,Forward_Return_5d,2026-01-21,0.036295286472434,0.0016409947
SMR,core_set,baseline,Forward_Return_5d,2026-01-22,-0.0870113433858833,0.0024288432
SMR,core_set,baseline,Forward_Return_5d,2026-01-23,-0.1231083162974492,0.0033373465
SMR,core_set,baseline,Forward_Return_5d,2026-01-26,-0.1102031471784861,0.0034345728
SMR,core_set,baseline,Forward_Return_5d,2026-01-27,-0.0712275959617889,0.0023011495
SMR,core_set,baseline,Forward_Return_5d,2026-01-28,-0.2344374884861997,0.001222611
SMR,core_set,baseline,Forward_Return_5d,2026-01-29,-0.2428933196347446,0.00045414327
SMR,core_set,baseline,Forward_Return_5d,2026-01-30,0.0028563940633443,-0.0015832441
SMR,core_set,baseline,Forward_Return_5d,2026-02-02,0.0702865777661673,-0.00494435
SMR,core_set,baseline,Forward_Return_5d,2026-02-03,-0.0658816714197969,-0.008357965
SMR,core_set,baseline,Forward_Return_5d,2026-02-04,-0.0396653230877012,-0.00976902
SMR,core_set,baseline,Forward_Return_5d,2026-02-05,-0.0589834757044361,-0.012314183
SMR,core_set,baseline,Forward_Return_5d,2026-02-06,-0.2029551152112019,-0.015192843
SMR,core_set,baseline,Forward_Return_5d,2026-02-09,-0.2142746109030826,-0.016115244
SMR,core_set,baseline,Forward_Return_5d,2026-02-10,-0.1645591002133967,-0.017506644
SMR,core_set,baseline,Forward_Return_5d,2026-02-11,-0.061588434261491,-0.01912611
SMR,core_set,baseline,Forward_Return_5d,2026-02-12,-0.0401074684434786,-0.02215663
SMR,core_set,baseline,Forward_Return_5d,2026-02-13,-0.1272617786588712,-0.026471294
SMR,core_set,baseline,Forward_Return_5d,2026-02-17,-0.0606684303089036,-0.029353026
SMR,core_set,baseline,Forward_Return_5d,2026-02-18,-0.0745413989463616,-0.031453654
SMR,core_set,baseline,Forward_Return_5d,2026-02-19,-0.0937404035170324,-0.033484045
SMR,core_set,baseline,Forward_Return_5d,2026-02-20,-0.0448914628459338,-0.03464456
SMR,core_set,baseline,Forward_Return_5d,2026-02-23,0.0350913041515936,-0.035754576
SMR,core_set,baseline,Forward_Return_5d,2026-02-24,-0.0693652856617656,-0.036817998
SMR,core_set,baseline,Forward_Return_5d,2026-02-25,-0.0497770200660692,-0.037124544
SMR,core_set,baseline,Forward_Return_5d,2026-02-26,-0.0902218411299072,-0.03787914
SMR,core_set,baseline,Forward_Return_5d,2026-02-27,-0.0963223881915109,-0.037254777
SMR,core_set,baseline,Forward_Return_5d,2026-03-02,-0.070636284394726,-0.036899127
SMR,core_set,baseline,Forward_Return_5d,2026-03-03,-0.0407222398071399,-0.036045473
SMR,core_set,baseline,Forward_Return_5d,2026-03-04,-0.0128412556622853,-0.035065122
SMR,core_set,baseline,Forward_Return_5d,2026-03-05,-0.0350913254040115,-0.03312346
SMR,core_set,baseline,Forward_Return_5d,2026-03-06,0.0110780947995128,-0.030624593
SMR,core_set,baseline,Forward_Return_5d,2026-03-09,-0.0157483221116219,-0.028042011
SMR,core_set,baseline,Forward_Return_5d,2026-03-10,0.033513545790108,-0.023835156
SMR,core_set,baseline,Forward_Return_5d,2026-03-11,-0.0286787687107871,-0.01857622
SMR,core_set,baseline,Forward_Return_5d,2026-03-12,0.0193689880168067,-0.012239655
SMR,core_set,baseline,Forward_Return_5d,2026-03-13,-0.0309835983637206,-0.0061458885
SMR,core_set,baseline,Forward_Return_5d,2026-03-16,-0.0228147163764674,0.0011100179
SMR,core_set,baseline,Forward_Return_5d,2026-03-17,-0.0846755490735246,0.008457043
SMR,core_set,baseline,Forward_Return_5d,2026-03-18,-0.0286697682010573,0.015871096
SMR,core_set,baseline,Forward_Return_5d,2026-03-19,-0.0870872023608714,0.022531211
SMR,core_set,baseline,Forward_Return_5d,2026-03-20,-0.104972035518332,0.028403949
SMR,core_set,baseline,Forward_Return_5d,2026-03-23,-0.1323111199171681,0.033399396
SMR,core_set,baseline,Forward_Return_5d,2026-03-24,-0.0529984944183884,0.038649626
SMR,core_set,baseline,Forward_Return_5d,2026-03-25,-0.130480877537827,0.04367343
SMR,core_set,baseline,Forward_Return_5d,2026-03-26,-0.0795120796845859,0.048739187
SMR,core_set,baseline,Forward_Return_5d,2026-03-27,-0.0127016961912065,0.05259613
SMR,core_set,baseline,Forward_Return_5d,2026-03-30,-0.112431543556445,0.055248156
SMR,core_set,baseline,Forward_Return_5d,2026-03-31,-0.0947568762930821,0.056480773
SMR,core_set,baseline,Forward_Return_5d,2026-04-01,-0.073808172404496,0.058295764
SMR,core_set,augmented,Forward_Return_5d,2025-12-16,-0.0695354407866645,-0.038745165
SMR,core_set,augmented,Forward_Return_5d,2025-12-17,0.0220065710373001,-0.03779748
SMR,core_set,augmented,Forward_Return_5d,2025-12-18,-0.0613769349147507,-0.03684809
SMR,core_set,augmented,Forward_Return_5d,2025-12-19,-0.1041858054149612,-0.03653764
SMR,core_set,augmented,Forward_Return_5d,2025-12-22,-0.1381503277318001,-0.035613745
SMR,core_set,augmented,Forward_Return_5d,2025-12-23,-0.1195849198607957,-0.034091562
SMR,core_set,augmented,Forward_Return_5d,2025-12-24,0.0142021248825674,-0.032975435
SMR,core_set,augmented,Forward_Return_5d,2025-12-26,0.2347926194058042,-0.03310124
SMR,core_set,augmented,Forward_Return_5d,2025-12-29,0.3012294104698668,-0.03407548
SMR,core_set,augmented,Forward_Return_5d,2025-12-30,0.3079161612255823,-0.035286464
SMR,core_set,augmented,Forward_Return_5d,2025-12-31,0.3279675771928864,-0.03651114
SMR,core_set,augmented,Forward_Return_5d,2026-01-02,0.2291341993550739,-0.037112728
SMR,core_set,augmented,Forward_Return_5d,2026-01-05,0.0488408040120269,-0.0371368
SMR,core_set,augmented,Forward_Return_5d,2026-01-06,-0.0175262300178984,-0.036022875
SMR,core_set,augmented,Forward_Return_5d,2026-01-07,0.0183211545670434,-0.03256561
SMR,core_set,augmented,Forward_Return_5d,2026-01-08,-0.0399327343976502,-0.028870266
SMR,core_set,augmented,Forward_Return_5d,2026-01-09,-0.0157251244674767,-0.02588525
SMR,core_set,augmented,Forward_Return_5d,2026-01-12,-0.0371943351882961,-0.021634554
SMR,core_set,augmented,Forward_Return_5d,2026-01-13,0.0266819555511059,-0.015678566
SMR,core_set,augmented,Forward_Return_5d,2026-01-14,0.0400349723577607,-0.010489047
SMR,core_set,augmented,Forward_Return_5d,2026-01-15,0.0450037584549719,-0.0060854596
SMR,core_set,augmented,Forward_Return_5d,2026-01-16,-0.0928368148934469,-0.0030373405
SMR,core_set,augmented,Forward_Return_5d,2026-01-20,0.0104713396037244,8.179399e-05
SMR,core_set,augmented,Forward_Return_5d,2026-01-21,0.036295286472434,0.0010099612
SMR,core_set,augmented,Forward_Return_5d,2026-01-22,-0.0870113433858833,0.0020996644
SMR,core_set,augmented,Forward_Return_5d,2026-01-23,-0.1231083162974492,0.000880608
SMR,core_set,augmented,Forward_Return_5d,2026-01-26,-0.1102031471784861,0.0012163125
SMR,core_set,augmented,Forward_Return_5d,2026-01-27,-0.0712275959617889,0.00058732333
SMR,core_set,augmented,Forward_Return_5d,2026-01-28,-0.2344374884861997,0.0013701223
SMR,core_set,augmented,Forward_Return_5d,2026-01-29,-0.2428933196347446,-0.0016196783
SMR,core_set,augmented,Forward_Return_5d,2026-01-30,0.0028563940633443,-0.003953601
SMR,core_set,augmented,Forward_Return_5d,2026-02-02,0.0702865777661673,-0.007064817
SMR,core_set,augmented,Forward_Return_5d,2026-02-03,-0.0658816714197969,-0.010790216
SMR,core_set,augmented,Forward_Return_5d,2026-02-04,-0.0396653230877012,-0.011101405
SMR,core_set,augmented,Forward_Return_5d,2026-02-05,-0.0589834757044361,-0.011836207
SMR,core_set,augmented,Forward_Return_5d,2026-02-06,-0.2029551152112019,-0.012882553
SMR,core_set,augmented,Forward_Return_5d,2026-02-09,-0.2142746109030826,-0.014978146
SMR,core_set,augmented,Forward_Return_5d,2026-02-10,-0.1645591002133967,-0.01687601
SMR,core_set,augmented,Forward_Return_5d,2026-02-11,-0.061588434261491,-0.017452503
SMR,core_set,augmented,Forward_Return_5d,2026-02-12,-0.0401074684434786,-0.019250603
SMR,core_set,augmented,Forward_Return_5d,2026-02-13,-0.1272617786588712,-0.025327014
SMR,core_set,augmented,Forward_Return_5d,2026-02-17,-0.0606684303089036,-0.030067349
SMR,core_set,augmented,Forward_Return_5d,2026-02-18,-0.0745413989463616,-0.031649478
SMR,core_set,augmented,Forward_Return_5d,2026-02-19,-0.0937404035170324,-0.029297544
SMR,core_set,augmented,Forward_Return_5d,2026-02-20,-0.0448914628459338,-0.038443178
SMR,core_set,augmented,Forward_Return_5d,2026-02-23,0.0350913041515936,-0.040322512
SMR,core_set,augmented,Forward_Return_5d,2026-02-24,-0.0693652856617656,-0.034955293
SMR,core_set,augmented,Forward_Return_5d,2026-02-25,-0.0497770200660692,-0.037916966
SMR,core_set,augmented,Forward_Return_5d,2026-02-26,-0.0902218411299072,-0.046579316
SMR,core_set,augmented,Forward_Return_5d,2026-02-27,-0.0963223881915109,-0.04404532
SMR,core_set,augmented,Forward_Return_5d,2026-03-02,-0.070636284394726,-0.039075468
SMR,core_set,augmented,Forward_Return_5d,2026-03-03,-0.0407222398071399,-0.036643535
SMR,core_set,augmented,Forward_Return_5d,2026-03-04,-0.0128412556622853,-0.036812104
SMR,core_set,augmented,Forward_Return_5d,2026-03-05,-0.0350913254040115,-0.035084568
SMR,core_set,augmented,Forward_Return_5d,2026-03-06,0.0110780947995128,-0.033534788
SMR,core_set,augmented,Forward_Return_5d,2026-03-09,-0.0157483221116219,-0.031428203
SMR,core_set,augmented,Forward_Return_5d,2026-03-10,0.033513545790108,-0.033598717
SMR,core_set,augmented,Forward_Return_5d,2026-03-11,-0.0286787687107871,-0.03762505
SMR,core_set,augmented,Forward_Return_5d,2026-03-12,0.0193689880168067,-0.04082255
SMR,core_set,augmented,Forward_Return_5d,2026-03-13,-0.0309835983637206,-0.030428393
SMR,core_set,augmented,Forward_Return_5d,2026-03-16,-0.0228147163764674,-0.012424122
SMR,core_set,augmented,Forward_Return_5d,2026-03-17,-0.0846755490735246,-0.0020889794
SMR,core_set,augmented,Forward_Return_5d,2026-03-18,-0.0286697682010573,0.011910358
SMR,core_set,augmented,Forward_Return_5d,2026-03-19,-0.0870872023608714,0.022394538
SMR,core_set,augmented,Forward_Return_5d,2026-03-20,-0.104972035518332,0.027382165
SMR,core_set,augmented,Forward_Return_5d,2026-03-23,-0.1323111199171681,0.026224151
SMR,core_set,augmented,Forward_Return_5d,2026-03-24,-0.0529984944183884,0.028300487
SMR,core_set,augmented,Forward_Return_5d,2026-03-25,-0.130480877537827,0.03032363
SMR,core_set,augmented,Forward_Return_5d,2026-03-26,-0.0795120796845859,0.038842462
SMR,core_set,augmented,Forward_Return_5d,2026-03-27,-0.0127016961912065,0.035668544
SMR,core_set,augmented,Forward_Return_5d,2026-03-30,-0.112431543556445,0.035227828
SMR,core_set,augmented,Forward_Return_5d,2026-03-31,-0.0947568762930821,0.03609521
SMR,core_set,augmented,Forward_Return_5d,2026-04-01,-0.073808172404496,0.038188837
