Ticker,Group,Model,Target,Date,y_actual,y_pred
BWXT,benchmark_set,baseline,Forward_Return_1d,2025-12-19,0.0111601229693464,-0.008030051
BWXT,benchmark_set,baseline,Forward_Return_1d,2025-12-22,-0.0044379139922528,-0.00826753
BWXT,benchmark_set,baseline,Forward_Return_1d,2025-12-23,-0.0024802634371616,-0.008390172
BWXT,benchmark_set,baseline,Forward_Return_1d,2025-12-24,-0.0073641876819193,-0.008172472
BWXT,benchmark_set,baseline,Forward_Return_1d,2025-12-26,-0.0022198121462474,-0.0080224695
BWXT,benchmark_set,baseline,Forward_Return_1d,2025-12-29,-0.0064599669483689,-0.0077411043
BWXT,benchmark_set,baseline,Forward_Return_1d,2025-12-30,-0.00875586619755,-0.0073473095
BWXT,benchmark_set,baseline,Forward_Return_1d,2025-12-31,0.0508158973791125,-0.0068680756
BWXT,benchmark_set,baseline,Forward_Return_1d,2026-01-02,0.0386706961898505,-0.0063992753
BWXT,benchmark_set,baseline,Forward_Return_1d,2026-01-05,0.0326839387452352,-0.006860608
BWXT,benchmark_set,baseline,Forward_Return_1d,2026-01-06,-0.0157921847725389,-0.006854962
BWXT,benchmark_set,baseline,Forward_Return_1d,2026-01-07,0.0049812627154451,-0.006509667
BWXT,benchmark_set,baseline,Forward_Return_1d,2026-01-08,0.0418649817730518,-0.0055707004
BWXT,benchmark_set,baseline,Forward_Return_1d,2026-01-09,0.0252904539081067,-0.004638367
BWXT,benchmark_set,baseline,Forward_Return_1d,2026-01-12,0.0187942971939459,-0.0044793184
BWXT,benchmark_set,baseline,Forward_Return_1d,2026-01-13,-0.0311635791148104,-0.0042739264
BWXT,benchmark_set,baseline,Forward_Return_1d,2026-01-14,0.0439531219406628,-0.003975003
BWXT,benchmark_set,baseline,Forward_Return_1d,2026-01-15,0.0215251654527818,-0.002785147
BWXT,benchmark_set,baseline,Forward_Return_1d,2026-01-16,-0.055774362735973,-0.0023072278
BWXT,benchmark_set,baseline,Forward_Return_1d,2026-01-20,0.0166032389585331,-0.001678257
BWXT,benchmark_set,baseline,Forward_Return_1d,2026-01-21,-0.0153423920545518,-0.0003205507
BWXT,benchmark_set,baseline,Forward_Return_1d,2026-01-22,0.006858614901586,-0.00019798643
BWXT,benchmark_set,baseline,Forward_Return_1d,2026-01-23,-0.0082651748447952,-0.00012741558
BWXT,benchmark_set,baseline,Forward_Return_1d,2026-01-26,0.0304010008703491,-0.0007709966
BWXT,benchmark_set,baseline,Forward_Return_1d,2026-01-27,0.0181951040559238,-0.0013372621
BWXT,benchmark_set,baseline,Forward_Return_1d,2026-01-28,-0.0287021302359229,-0.0021682933
BWXT,benchmark_set,baseline,Forward_Return_1d,2026-01-29,-0.0228589663392409,-0.0025585443
BWXT,benchmark_set,baseline,Forward_Return_1d,2026-01-30,0.0029649916488905,-0.0021927322
BWXT,benchmark_set,baseline,Forward_Return_1d,2026-02-02,0.023218994010296,-0.0020532387
BWXT,benchmark_set,baseline,Forward_Return_1d,2026-02-03,-0.1037389832880078,-0.0023785457
BWXT,benchmark_set,baseline,Forward_Return_1d,2026-02-04,-0.0141982086222256,-0.0029382596
BWXT,benchmark_set,baseline,Forward_Return_1d,2026-02-05,0.0508156993814029,-0.0016181278
BWXT,benchmark_set,baseline,Forward_Return_1d,2026-02-06,0.029038217129736,-0.0016708663
BWXT,benchmark_set,baseline,Forward_Return_1d,2026-02-09,-0.0157389888609981,-0.0032126035
BWXT,benchmark_set,baseline,Forward_Return_1d,2026-02-10,-0.0066779239914865,-0.004650325
BWXT,benchmark_set,baseline,Forward_Return_1d,2026-02-11,-0.0080931079534267,-0.005221902
BWXT,benchmark_set,baseline,Forward_Return_1d,2026-02-12,0.0176193932465269,-0.005850252
BWXT,benchmark_set,baseline,Forward_Return_1d,2026-02-13,0.0034371604469536,-0.006303906
BWXT,benchmark_set,baseline,Forward_Return_1d,2026-02-17,0.0057520636408996,-0.006929772
BWXT,benchmark_set,baseline,Forward_Return_1d,2026-02-18,0.0331646014321818,-0.0074024606
BWXT,benchmark_set,baseline,Forward_Return_1d,2026-02-19,-0.0126593739747576,-0.0077928263
BWXT,benchmark_set,baseline,Forward_Return_1d,2026-02-20,-0.0398254165757879,-0.008268666
BWXT,benchmark_set,baseline,Forward_Return_1d,2026-02-23,0.0290624093494444,-0.007818187
BWXT,benchmark_set,baseline,Forward_Return_1d,2026-02-24,0.0195885386703605,-0.0068467194
BWXT,benchmark_set,baseline,Forward_Return_1d,2026-02-25,-0.0049577691057821,-0.006735955
BWXT,benchmark_set,baseline,Forward_Return_1d,2026-02-26,-0.0060984980012067,-0.0068263896
BWXT,benchmark_set,baseline,Forward_Return_1d,2026-02-27,0.0496728806808424,-0.006529097
BWXT,benchmark_set,baseline,Forward_Return_1d,2026-03-02,-0.050401383003406,-0.00653578
BWXT,benchmark_set,baseline,Forward_Return_1d,2026-03-03,-0.0012639116910316,-0.0072659915
BWXT,benchmark_set,baseline,Forward_Return_1d,2026-03-04,-0.0502263053043117,-0.0066525475
BWXT,benchmark_set,baseline,Forward_Return_1d,2026-03-05,-0.0013820026687722,-0.0066955737
BWXT,benchmark_set,baseline,Forward_Return_1d,2026-03-06,0.0260871394899322,-0.006148076
BWXT,benchmark_set,baseline,Forward_Return_1d,2026-03-09,-0.022610124922637,-0.0065069646
BWXT,benchmark_set,baseline,Forward_Return_1d,2026-03-10,0.0017363588557896,-0.0073899147
BWXT,benchmark_set,baseline,Forward_Return_1d,2026-03-11,0.0093449719291792,-0.007647904
BWXT,benchmark_set,baseline,Forward_Return_1d,2026-03-12,-0.0188295004467905,-0.008086055
BWXT,benchmark_set,baseline,Forward_Return_1d,2026-03-13,0.0528708541554163,-0.008391008
BWXT,benchmark_set,baseline,Forward_Return_1d,2026-03-16,0.0136360118460587,-0.008045155
BWXT,benchmark_set,baseline,Forward_Return_1d,2026-03-17,0.0072036042705702,-0.008473526
BWXT,benchmark_set,baseline,Forward_Return_1d,2026-03-18,0.0054402396859401,-0.008680109
BWXT,benchmark_set,baseline,Forward_Return_1d,2026-03-19,-0.0506121882011674,-0.008291887
BWXT,benchmark_set,baseline,Forward_Return_1d,2026-03-20,0.0252114491415435,-0.007666026
BWXT,benchmark_set,baseline,Forward_Return_1d,2026-03-23,-0.0004394990258752,-0.0061332174
BWXT,benchmark_set,baseline,Forward_Return_1d,2026-03-24,0.0814242832892571,-0.006038223
BWXT,benchmark_set,baseline,Forward_Return_1d,2026-03-25,-0.079813928721777,-0.0057855383
BWXT,benchmark_set,baseline,Forward_Return_1d,2026-03-26,-0.0122646751511289,-0.006521591
BWXT,benchmark_set,baseline,Forward_Return_1d,2026-03-27,-0.0558265611848058,-0.005273009
BWXT,benchmark_set,baseline,Forward_Return_1d,2026-03-30,0.0651614484008769,-0.005078621
BWXT,benchmark_set,baseline,Forward_Return_1d,2026-03-31,0.0398806359778709,-0.004903065
BWXT,benchmark_set,baseline,Forward_Return_1d,2026-04-01,0.0101452432988116,-0.006568467
BWXT,benchmark_set,baseline,Forward_Return_1d,2026-04-02,0.0046408103517128,-0.008183376
BWXT,benchmark_set,baseline,Forward_Return_1d,2026-04-06,-0.007155800678501,-0.009248845
BWXT,benchmark_set,baseline,Forward_Return_1d,2026-04-07,0.0777586502952304,-0.009806994
BWXT,benchmark_set,baseline,Forward_Return_1d,2026-04-08,0.0070079388860956,-0.00999429
BWXT,benchmark_set,augmented,Forward_Return_1d,2025-12-19,0.0111601229693464,0.0017764877
BWXT,benchmark_set,augmented,Forward_Return_1d,2025-12-22,-0.0044379139922528,0.0023028534
BWXT,benchmark_set,augmented,Forward_Return_1d,2025-12-23,-0.0024802634371616,0.002391642
BWXT,benchmark_set,augmented,Forward_Return_1d,2025-12-24,-0.0073641876819193,0.0021732757
BWXT,benchmark_set,augmented,Forward_Return_1d,2025-12-26,-0.0022198121462474,0.0017064466
BWXT,benchmark_set,augmented,Forward_Return_1d,2025-12-29,-0.0064599669483689,0.00093441934
BWXT,benchmark_set,augmented,Forward_Return_1d,2025-12-30,-0.00875586619755,0.00072198466
BWXT,benchmark_set,augmented,Forward_Return_1d,2025-12-31,0.0508158973791125,0.0018502326
BWXT,benchmark_set,augmented,Forward_Return_1d,2026-01-02,0.0386706961898505,0.0021290435
BWXT,benchmark_set,augmented,Forward_Return_1d,2026-01-05,0.0326839387452352,0.0011332753
BWXT,benchmark_set,augmented,Forward_Return_1d,2026-01-06,-0.0157921847725389,-0.0023592869
BWXT,benchmark_set,augmented,Forward_Return_1d,2026-01-07,0.0049812627154451,-0.0029324302
BWXT,benchmark_set,augmented,Forward_Return_1d,2026-01-08,0.0418649817730518,-0.00283055
BWXT,benchmark_set,augmented,Forward_Return_1d,2026-01-09,0.0252904539081067,-0.0019851876
BWXT,benchmark_set,augmented,Forward_Return_1d,2026-01-12,0.0187942971939459,-0.0017960322
BWXT,benchmark_set,augmented,Forward_Return_1d,2026-01-13,-0.0311635791148104,-0.0013609239
BWXT,benchmark_set,augmented,Forward_Return_1d,2026-01-14,0.0439531219406628,-0.0013720029
BWXT,benchmark_set,augmented,Forward_Return_1d,2026-01-15,0.0215251654527818,-0.001101694
BWXT,benchmark_set,augmented,Forward_Return_1d,2026-01-16,-0.055774362735973,-0.0016718776
BWXT,benchmark_set,augmented,Forward_Return_1d,2026-01-20,0.0166032389585331,-0.0015089911
BWXT,benchmark_set,augmented,Forward_Return_1d,2026-01-21,-0.0153423920545518,-0.0020436775
BWXT,benchmark_set,augmented,Forward_Return_1d,2026-01-22,0.006858614901586,-0.002690008
BWXT,benchmark_set,augmented,Forward_Return_1d,2026-01-23,-0.0082651748447952,-0.0030714255
BWXT,benchmark_set,augmented,Forward_Return_1d,2026-01-26,0.0304010008703491,-0.0041360036
BWXT,benchmark_set,augmented,Forward_Return_1d,2026-01-27,0.0181951040559238,-0.004081197
BWXT,benchmark_set,augmented,Forward_Return_1d,2026-01-28,-0.0287021302359229,-0.003935383
BWXT,benchmark_set,augmented,Forward_Return_1d,2026-01-29,-0.0228589663392409,-0.0042608078
BWXT,benchmark_set,augmented,Forward_Return_1d,2026-01-30,0.0029649916488905,-0.003777753
BWXT,benchmark_set,augmented,Forward_Return_1d,2026-02-02,0.023218994010296,-0.0047361194
BWXT,benchmark_set,augmented,Forward_Return_1d,2026-02-03,-0.1037389832880078,-0.0059675677
BWXT,benchmark_set,augmented,Forward_Return_1d,2026-02-04,-0.0141982086222256,-0.006226503
BWXT,benchmark_set,augmented,Forward_Return_1d,2026-02-05,0.0508156993814029,-0.005055286
BWXT,benchmark_set,augmented,Forward_Return_1d,2026-02-06,0.029038217129736,-0.0059142616
BWXT,benchmark_set,augmented,Forward_Return_1d,2026-02-09,-0.0157389888609981,-0.008066844
BWXT,benchmark_set,augmented,Forward_Return_1d,2026-02-10,-0.0066779239914865,-0.008853917
BWXT,benchmark_set,augmented,Forward_Return_1d,2026-02-11,-0.0080931079534267,-0.008377497
BWXT,benchmark_set,augmented,Forward_Return_1d,2026-02-12,0.0176193932465269,-0.008326419
BWXT,benchmark_set,augmented,Forward_Return_1d,2026-02-13,0.0034371604469536,-0.008116911
BWXT,benchmark_set,augmented,Forward_Return_1d,2026-02-17,0.0057520636408996,-0.00786043
BWXT,benchmark_set,augmented,Forward_Return_1d,2026-02-18,0.0331646014321818,-0.0074349544
BWXT,benchmark_set,augmented,Forward_Return_1d,2026-02-19,-0.0126593739747576,-0.007026441
BWXT,benchmark_set,augmented,Forward_Return_1d,2026-02-20,-0.0398254165757879,-0.006889345
BWXT,benchmark_set,augmented,Forward_Return_1d,2026-02-23,0.0290624093494444,-0.006103659
BWXT,benchmark_set,augmented,Forward_Return_1d,2026-02-24,0.0195885386703605,-0.003680197
BWXT,benchmark_set,augmented,Forward_Return_1d,2026-02-25,-0.0049577691057821,-0.0024060784
BWXT,benchmark_set,augmented,Forward_Return_1d,2026-02-26,-0.0060984980012067,-0.0023117526
BWXT,benchmark_set,augmented,Forward_Return_1d,2026-02-27,0.0496728806808424,-0.0006136437
BWXT,benchmark_set,augmented,Forward_Return_1d,2026-03-02,-0.050401383003406,-0.00087490946
BWXT,benchmark_set,augmented,Forward_Return_1d,2026-03-03,-0.0012639116910316,-0.001363709
BWXT,benchmark_set,augmented,Forward_Return_1d,2026-03-04,-0.0502263053043117,-0.0016772657
BWXT,benchmark_set,augmented,Forward_Return_1d,2026-03-05,-0.0013820026687722,-0.002448448
BWXT,benchmark_set,augmented,Forward_Return_1d,2026-03-06,0.0260871394899322,-0.002642389
BWXT,benchmark_set,augmented,Forward_Return_1d,2026-03-09,-0.022610124922637,-0.0033139023
BWXT,benchmark_set,augmented,Forward_Return_1d,2026-03-10,0.0017363588557896,-0.004004234
BWXT,benchmark_set,augmented,Forward_Return_1d,2026-03-11,0.0093449719291792,-0.004222442
BWXT,benchmark_set,augmented,Forward_Return_1d,2026-03-12,-0.0188295004467905,-0.0043066256
BWXT,benchmark_set,augmented,Forward_Return_1d,2026-03-13,0.0528708541554163,-0.004269183
BWXT,benchmark_set,augmented,Forward_Return_1d,2026-03-16,0.0136360118460587,-0.0037888293
BWXT,benchmark_set,augmented,Forward_Return_1d,2026-03-17,0.0072036042705702,-0.003275408
BWXT,benchmark_set,augmented,Forward_Return_1d,2026-03-18,0.0054402396859401,-0.0030557062
BWXT,benchmark_set,augmented,Forward_Return_1d,2026-03-19,-0.0506121882011674,-0.0030924063
BWXT,benchmark_set,augmented,Forward_Return_1d,2026-03-20,0.0252114491415435,0.00021891677
BWXT,benchmark_set,augmented,Forward_Return_1d,2026-03-23,-0.0004394990258752,0.0013708259
BWXT,benchmark_set,augmented,Forward_Return_1d,2026-03-24,0.0814242832892571,0.001129687
BWXT,benchmark_set,augmented,Forward_Return_1d,2026-03-25,-0.079813928721777,0.0012917324
BWXT,benchmark_set,augmented,Forward_Return_1d,2026-03-26,-0.0122646751511289,0.0017914596
BWXT,benchmark_set,augmented,Forward_Return_1d,2026-03-27,-0.0558265611848058,0.0031097531
BWXT,benchmark_set,augmented,Forward_Return_1d,2026-03-30,0.0651614484008769,0.0013930035
BWXT,benchmark_set,augmented,Forward_Return_1d,2026-03-31,0.0398806359778709,0.00014739213
BWXT,benchmark_set,augmented,Forward_Return_1d,2026-04-01,0.0101452432988116,-0.0013370448
BWXT,benchmark_set,augmented,Forward_Return_1d,2026-04-02,0.0046408103517128,-0.0022582654
BWXT,benchmark_set,augmented,Forward_Return_1d,2026-04-06,-0.007155800678501,-0.002714926
BWXT,benchmark_set,augmented,Forward_Return_1d,2026-04-07,0.0777586502952304,-0.0035364935
BWXT,benchmark_set,augmented,Forward_Return_1d,2026-04-08,0.0070079388860956,-0.004026821
CCJ,benchmark_set,baseline,Forward_Return_1d,2025-12-19,0.0189328852806757,-0.00073082786
CCJ,benchmark_set,baseline,Forward_Return_1d,2025-12-22,0.018367030501438,-0.0006943843
CCJ,benchmark_set,baseline,Forward_Return_1d,2025-12-23,-0.0007497438018538,-0.0011239832
CCJ,benchmark_set,baseline,Forward_Return_1d,2025-12-24,-0.0053711593267327,-0.0017898711
CCJ,benchmark_set,baseline,Forward_Return_1d,2025-12-26,0.0,-0.0023502603
CCJ,benchmark_set,baseline,Forward_Return_1d,2025-12-29,-0.0159603148903252,-0.0028491453
CCJ,benchmark_set,baseline,Forward_Return_1d,2025-12-30,0.0013124262715834,-0.0032153674
CCJ,benchmark_set,baseline,Forward_Return_1d,2025-12-31,0.0744358216723374,-0.0030903998
CCJ,benchmark_set,baseline,Forward_Return_1d,2026-01-02,0.0162032493297529,-0.0028932423
CCJ,benchmark_set,baseline,Forward_Return_1d,2026-01-05,0.0189860169653404,-0.00266021
CCJ,benchmark_set,baseline,Forward_Return_1d,2026-01-06,0.0179590917593651,-0.002504371
CCJ,benchmark_set,baseline,Forward_Return_1d,2026-01-07,0.0173585632333204,-0.002634998
CCJ,benchmark_set,baseline,Forward_Return_1d,2026-01-08,0.0168764124003497,-0.0027479916
CCJ,benchmark_set,baseline,Forward_Return_1d,2026-01-09,0.0205206498829598,-0.0027949316
CCJ,benchmark_set,baseline,Forward_Return_1d,2026-01-12,-0.0079558075909829,-0.0024272765
CCJ,benchmark_set,baseline,Forward_Return_1d,2026-01-13,0.0170228748016557,-0.0020448603
CCJ,benchmark_set,baseline,Forward_Return_1d,2026-01-14,0.0183343278835854,-0.0016548403
CCJ,benchmark_set,baseline,Forward_Return_1d,2026-01-15,0.0314052861647025,-0.001210903
CCJ,benchmark_set,baseline,Forward_Return_1d,2026-01-16,-0.0055115483519086,-0.00080393354
CCJ,benchmark_set,baseline,Forward_Return_1d,2026-01-20,0.0548577345343932,-0.00032076146
CCJ,benchmark_set,baseline,Forward_Return_1d,2026-01-21,-0.0037674006545889,0.0002391031
CCJ,benchmark_set,baseline,Forward_Return_1d,2026-01-22,0.017649176240759,0.00082532986
CCJ,benchmark_set,baseline,Forward_Return_1d,2026-01-23,-0.022667083352625,0.0014299226
CCJ,benchmark_set,baseline,Forward_Return_1d,2026-01-26,0.0381067747941114,0.002007986
CCJ,benchmark_set,baseline,Forward_Return_1d,2026-01-27,0.06246739592608,0.002881946
CCJ,benchmark_set,baseline,Forward_Return_1d,2026-01-28,-0.0031371266956592,0.003438896
CCJ,benchmark_set,baseline,Forward_Return_1d,2026-01-29,-0.080023996321141,0.0039633764
CCJ,benchmark_set,baseline,Forward_Return_1d,2026-01-30,-0.0261098602638222,0.0046746433
CCJ,benchmark_set,baseline,Forward_Return_1d,2026-02-02,0.0482314814827205,0.006128248
CCJ,benchmark_set,baseline,Forward_Return_1d,2026-02-03,-0.0941060051011888,0.0072261863
CCJ,benchmark_set,baseline,Forward_Return_1d,2026-02-04,-0.0494522974295648,0.0075409166
CCJ,benchmark_set,baseline,Forward_Return_1d,2026-02-05,0.0390341471065785,0.008225345
CCJ,benchmark_set,baseline,Forward_Return_1d,2026-02-06,0.0601948850610201,0.0083729625
CCJ,benchmark_set,baseline,Forward_Return_1d,2026-02-09,-0.0216954022176448,0.00733353
CCJ,benchmark_set,baseline,Forward_Return_1d,2026-02-10,0.0091879432774448,0.0052459803
CCJ,benchmark_set,baseline,Forward_Return_1d,2026-02-11,-0.0236883421695976,0.003104066
CCJ,benchmark_set,baseline,Forward_Return_1d,2026-02-12,-0.0304441310389344,0.0008716224
CCJ,benchmark_set,baseline,Forward_Return_1d,2026-02-13,0.0003542411906033,-0.0011047595
CCJ,benchmark_set,baseline,Forward_Return_1d,2026-02-17,0.0310345471442219,-0.0026209992
CCJ,benchmark_set,baseline,Forward_Return_1d,2026-02-18,0.021484278918609,-0.004131193
CCJ,benchmark_set,baseline,Forward_Return_1d,2026-02-19,0.019303367674048,-0.0055408827
CCJ,benchmark_set,baseline,Forward_Return_1d,2026-02-20,-0.0216584766836619,-0.0068601533
CCJ,benchmark_set,baseline,Forward_Return_1d,2026-02-23,0.0194310563614519,-0.007946641
CCJ,benchmark_set,baseline,Forward_Return_1d,2026-02-24,-0.0112958060953869,-0.008641865
CCJ,benchmark_set,baseline,Forward_Return_1d,2026-02-25,-0.0129468046809906,-0.008884893
CCJ,benchmark_set,baseline,Forward_Return_1d,2026-02-26,0.001859846837571,-0.008988447
CCJ,benchmark_set,baseline,Forward_Return_1d,2026-02-27,0.0601475306282516,-0.009173916
CCJ,benchmark_set,baseline,Forward_Return_1d,2026-03-02,-0.0653128802224156,-0.0091634495
CCJ,benchmark_set,baseline,Forward_Return_1d,2026-03-03,0.0205863419350991,-0.008925197
CCJ,benchmark_set,baseline,Forward_Return_1d,2026-03-04,-0.0511882477865533,-0.007874816
CCJ,benchmark_set,baseline,Forward_Return_1d,2026-03-05,-0.040734441855299,-0.0070864097
CCJ,benchmark_set,baseline,Forward_Return_1d,2026-03-06,0.0572293166521164,-0.006202441
CCJ,benchmark_set,baseline,Forward_Return_1d,2026-03-09,0.0333618478852345,-0.005389199
CCJ,benchmark_set,baseline,Forward_Return_1d,2026-03-10,-0.0398405126567199,-0.0052185417
CCJ,benchmark_set,baseline,Forward_Return_1d,2026-03-11,-0.0007802361741191,-0.005030788
CCJ,benchmark_set,baseline,Forward_Return_1d,2026-03-12,-0.0661472588102681,-0.0045708125
CCJ,benchmark_set,baseline,Forward_Return_1d,2026-03-13,0.0219043669163383,-0.0040623294
CCJ,benchmark_set,baseline,Forward_Return_1d,2026-03-16,0.0109093550615242,-0.0030860866
CCJ,benchmark_set,baseline,Forward_Return_1d,2026-03-17,-0.0191930129749993,-0.002572093
CCJ,benchmark_set,baseline,Forward_Return_1d,2026-03-18,-0.0259274065179024,-0.0025070044
CCJ,benchmark_set,baseline,Forward_Return_1d,2026-03-19,-0.0485321793395143,-0.0026207503
CCJ,benchmark_set,baseline,Forward_Return_1d,2026-03-20,0.0388229190326913,-0.0026740583
CCJ,benchmark_set,baseline,Forward_Return_1d,2026-03-23,0.0231273002875213,-0.0021990025
CCJ,benchmark_set,baseline,Forward_Return_1d,2026-03-24,0.0090297834458469,-0.0023358273
CCJ,benchmark_set,baseline,Forward_Return_1d,2026-03-25,-0.0407187944710317,-0.0028249836
CCJ,benchmark_set,baseline,Forward_Return_1d,2026-03-26,-0.0071911716307011,-0.003343457
CCJ,benchmark_set,baseline,Forward_Return_1d,2026-03-27,-0.0104470079545832,-0.003758822
CCJ,benchmark_set,baseline,Forward_Return_1d,2026-03-30,0.0545891431236953,-0.0038188156
CCJ,benchmark_set,baseline,Forward_Return_1d,2026-03-31,0.0229371725709107,-0.0036443914
CCJ,benchmark_set,baseline,Forward_Return_1d,2026-04-01,0.0128745851732079,-0.0038716826
CCJ,benchmark_set,baseline,Forward_Return_1d,2026-04-02,-0.0187407081697005,-0.004107646
CCJ,benchmark_set,baseline,Forward_Return_1d,2026-04-06,-0.0022654170568998,-0.0044283094
CCJ,benchmark_set,baseline,Forward_Return_1d,2026-04-07,0.0501586410820585,-0.0044813245
CCJ,benchmark_set,baseline,Forward_Return_1d,2026-04-08,-0.013901166010876,-0.004168379
CCJ,benchmark_set,augmented,Forward_Return_1d,2025-12-19,0.0189328852806757,0.0006756693
CCJ,benchmark_set,augmented,Forward_Return_1d,2025-12-22,0.018367030501438,-0.00026918354
CCJ,benchmark_set,augmented,Forward_Return_1d,2025-12-23,-0.0007497438018538,-0.0019975337
CCJ,benchmark_set,augmented,Forward_Return_1d,2025-12-24,-0.0053711593267327,-0.0035769157
CCJ,benchmark_set,augmented,Forward_Return_1d,2025-12-26,0.0,-0.0046312106
CCJ,benchmark_set,augmented,Forward_Return_1d,2025-12-29,-0.0159603148903252,-0.00522566
CCJ,benchmark_set,augmented,Forward_Return_1d,2025-12-30,0.0013124262715834,-0.0054445555
CCJ,benchmark_set,augmented,Forward_Return_1d,2025-12-31,0.0744358216723374,-0.005315174
CCJ,benchmark_set,augmented,Forward_Return_1d,2026-01-02,0.0162032493297529,-0.0063023637
CCJ,benchmark_set,augmented,Forward_Return_1d,2026-01-05,0.0189860169653404,-0.0074391807
CCJ,benchmark_set,augmented,Forward_Return_1d,2026-01-06,0.0179590917593651,-0.007944876
CCJ,benchmark_set,augmented,Forward_Return_1d,2026-01-07,0.0173585632333204,-0.007954097
CCJ,benchmark_set,augmented,Forward_Return_1d,2026-01-08,0.0168764124003497,-0.0074989474
CCJ,benchmark_set,augmented,Forward_Return_1d,2026-01-09,0.0205206498829598,-0.006265377
CCJ,benchmark_set,augmented,Forward_Return_1d,2026-01-12,-0.0079558075909829,-0.0046625366
CCJ,benchmark_set,augmented,Forward_Return_1d,2026-01-13,0.0170228748016557,-0.003198993
CCJ,benchmark_set,augmented,Forward_Return_1d,2026-01-14,0.0183343278835854,-0.0015734049
CCJ,benchmark_set,augmented,Forward_Return_1d,2026-01-15,0.0314052861647025,-0.00024212396
CCJ,benchmark_set,augmented,Forward_Return_1d,2026-01-16,-0.0055115483519086,0.0012232926
CCJ,benchmark_set,augmented,Forward_Return_1d,2026-01-20,0.0548577345343932,0.0021607564
CCJ,benchmark_set,augmented,Forward_Return_1d,2026-01-21,-0.0037674006545889,0.0034383745
CCJ,benchmark_set,augmented,Forward_Return_1d,2026-01-22,0.017649176240759,0.004068081
CCJ,benchmark_set,augmented,Forward_Return_1d,2026-01-23,-0.022667083352625,0.00558479
CCJ,benchmark_set,augmented,Forward_Return_1d,2026-01-26,0.0381067747941114,0.006113416
CCJ,benchmark_set,augmented,Forward_Return_1d,2026-01-27,0.06246739592608,0.007103617
CCJ,benchmark_set,augmented,Forward_Return_1d,2026-01-28,-0.0031371266956592,0.0063864724
CCJ,benchmark_set,augmented,Forward_Return_1d,2026-01-29,-0.080023996321141,0.006206904
CCJ,benchmark_set,augmented,Forward_Return_1d,2026-01-30,-0.0261098602638222,0.0062347767
CCJ,benchmark_set,augmented,Forward_Return_1d,2026-02-02,0.0482314814827205,0.008024173
CCJ,benchmark_set,augmented,Forward_Return_1d,2026-02-03,-0.0941060051011888,0.008769555
CCJ,benchmark_set,augmented,Forward_Return_1d,2026-02-04,-0.0494522974295648,0.008679889
CCJ,benchmark_set,augmented,Forward_Return_1d,2026-02-05,0.0390341471065785,0.009210626
CCJ,benchmark_set,augmented,Forward_Return_1d,2026-02-06,0.0601948850610201,0.00849691
CCJ,benchmark_set,augmented,Forward_Return_1d,2026-02-09,-0.0216954022176448,0.0064667505
CCJ,benchmark_set,augmented,Forward_Return_1d,2026-02-10,0.0091879432774448,0.0026912582
CCJ,benchmark_set,augmented,Forward_Return_1d,2026-02-11,-0.0236883421695976,0.002263349
CCJ,benchmark_set,augmented,Forward_Return_1d,2026-02-12,-0.0304441310389344,0.0018529895
CCJ,benchmark_set,augmented,Forward_Return_1d,2026-02-13,0.0003542411906033,0.0021236227
CCJ,benchmark_set,augmented,Forward_Return_1d,2026-02-17,0.0310345471442219,0.00012627651
CCJ,benchmark_set,augmented,Forward_Return_1d,2026-02-18,0.021484278918609,-0.002861898
CCJ,benchmark_set,augmented,Forward_Return_1d,2026-02-19,0.019303367674048,-0.0035585319
CCJ,benchmark_set,augmented,Forward_Return_1d,2026-02-20,-0.0216584766836619,-0.0051275617
CCJ,benchmark_set,augmented,Forward_Return_1d,2026-02-23,0.0194310563614519,-0.005257034
CCJ,benchmark_set,augmented,Forward_Return_1d,2026-02-24,-0.0112958060953869,-0.008275487
CCJ,benchmark_set,augmented,Forward_Return_1d,2026-02-25,-0.0129468046809906,-0.010073678
CCJ,benchmark_set,augmented,Forward_Return_1d,2026-02-26,0.001859846837571,-0.010948209
CCJ,benchmark_set,augmented,Forward_Return_1d,2026-02-27,0.0601475306282516,-0.013886992
CCJ,benchmark_set,augmented,Forward_Return_1d,2026-03-02,-0.0653128802224156,-0.012613744
CCJ,benchmark_set,augmented,Forward_Return_1d,2026-03-03,0.0205863419350991,-0.012183062
CCJ,benchmark_set,augmented,Forward_Return_1d,2026-03-04,-0.0511882477865533,-0.011810778
CCJ,benchmark_set,augmented,Forward_Return_1d,2026-03-05,-0.040734441855299,-0.0147412615
CCJ,benchmark_set,augmented,Forward_Return_1d,2026-03-06,0.0572293166521164,-0.013591446
CCJ,benchmark_set,augmented,Forward_Return_1d,2026-03-09,0.0333618478852345,-0.014699183
CCJ,benchmark_set,augmented,Forward_Return_1d,2026-03-10,-0.0398405126567199,-0.017275438
CCJ,benchmark_set,augmented,Forward_Return_1d,2026-03-11,-0.0007802361741191,-0.018329954
CCJ,benchmark_set,augmented,Forward_Return_1d,2026-03-12,-0.0661472588102681,-0.016867114
CCJ,benchmark_set,augmented,Forward_Return_1d,2026-03-13,0.0219043669163383,-0.016367294
CCJ,benchmark_set,augmented,Forward_Return_1d,2026-03-16,0.0109093550615242,-0.014126774
CCJ,benchmark_set,augmented,Forward_Return_1d,2026-03-17,-0.0191930129749993,-0.014532146
CCJ,benchmark_set,augmented,Forward_Return_1d,2026-03-18,-0.0259274065179024,-0.015582409
CCJ,benchmark_set,augmented,Forward_Return_1d,2026-03-19,-0.0485321793395143,-0.017956125
CCJ,benchmark_set,augmented,Forward_Return_1d,2026-03-20,0.0388229190326913,-0.01712691
CCJ,benchmark_set,augmented,Forward_Return_1d,2026-03-23,0.0231273002875213,-0.012359876
CCJ,benchmark_set,augmented,Forward_Return_1d,2026-03-24,0.0090297834458469,-0.009064212
CCJ,benchmark_set,augmented,Forward_Return_1d,2026-03-25,-0.0407187944710317,-0.008099605
CCJ,benchmark_set,augmented,Forward_Return_1d,2026-03-26,-0.0071911716307011,-0.008662558
CCJ,benchmark_set,augmented,Forward_Return_1d,2026-03-27,-0.0104470079545832,-0.008818757
CCJ,benchmark_set,augmented,Forward_Return_1d,2026-03-30,0.0545891431236953,-0.008922795
CCJ,benchmark_set,augmented,Forward_Return_1d,2026-03-31,0.0229371725709107,-0.010202552
CCJ,benchmark_set,augmented,Forward_Return_1d,2026-04-01,0.0128745851732079,-0.0114846565
CCJ,benchmark_set,augmented,Forward_Return_1d,2026-04-02,-0.0187407081697005,-0.014644716
CCJ,benchmark_set,augmented,Forward_Return_1d,2026-04-06,-0.0022654170568998,-0.013830591
CCJ,benchmark_set,augmented,Forward_Return_1d,2026-04-07,0.0501586410820585,-0.013233691
CCJ,benchmark_set,augmented,Forward_Return_1d,2026-04-08,-0.013901166010876,-0.013931552
CEG,benchmark_set,baseline,Forward_Return_1d,2025-12-19,0.0067582728395321,0.0059660305
CEG,benchmark_set,baseline,Forward_Return_1d,2025-12-22,0.0097894646139639,0.0060506617
CEG,benchmark_set,baseline,Forward_Return_1d,2025-12-23,0.0072249736627452,0.00597588
CEG,benchmark_set,baseline,Forward_Return_1d,2025-12-24,-0.0096355630609218,0.005901148
CEG,benchmark_set,baseline,Forward_Return_1d,2025-12-26,-0.005926692398298,0.00583285
CEG,benchmark_set,baseline,Forward_Return_1d,2025-12-29,-0.0033824713007329,0.005861696
CEG,benchmark_set,baseline,Forward_Return_1d,2025-12-30,-0.0108392259608827,0.005759252
CEG,benchmark_set,baseline,Forward_Return_1d,2025-12-31,0.0360835722221259,0.005602944
CEG,benchmark_set,baseline,Forward_Return_1d,2026-01-02,-0.031367389965411,0.005463445
CEG,benchmark_set,baseline,Forward_Return_1d,2026-01-05,-0.0010148832601193,0.005285261
CEG,benchmark_set,baseline,Forward_Return_1d,2026-01-06,-0.0460258255178248,0.0053708
CEG,benchmark_set,baseline,Forward_Return_1d,2026-01-07,-0.0486809508648438,0.0051706177
CEG,benchmark_set,baseline,Forward_Return_1d,2026-01-08,0.0601028518917947,0.0052133934
CEG,benchmark_set,baseline,Forward_Return_1d,2026-01-09,-0.0196356616268949,0.0050808364
CEG,benchmark_set,baseline,Forward_Return_1d,2026-01-12,-0.0069614751043846,0.004526571
CEG,benchmark_set,baseline,Forward_Return_1d,2026-01-13,-0.0094893031543145,0.004394911
CEG,benchmark_set,baseline,Forward_Return_1d,2026-01-14,0.0322252833390662,0.004204699
CEG,benchmark_set,baseline,Forward_Return_1d,2026-01-15,-0.1033110656831798,0.0041616573
CEG,benchmark_set,baseline,Forward_Return_1d,2026-01-16,-0.0408273862040148,0.0041137524
CEG,benchmark_set,baseline,Forward_Return_1d,2026-01-20,-0.0034929039663603,0.004585501
CEG,benchmark_set,baseline,Forward_Return_1d,2026-01-21,-0.024136440478469,0.0045787077
CEG,benchmark_set,baseline,Forward_Return_1d,2026-01-22,0.0059332630380688,0.004213175
CEG,benchmark_set,baseline,Forward_Return_1d,2026-01-23,-0.0131982304311042,0.0038230354
CEG,benchmark_set,baseline,Forward_Return_1d,2026-01-26,0.0121598705211167,0.0035097518
CEG,benchmark_set,baseline,Forward_Return_1d,2026-01-27,-0.0028090860186761,0.0035153315
CEG,benchmark_set,baseline,Forward_Return_1d,2026-01-28,-0.0017379140934304,0.0036217084
CEG,benchmark_set,baseline,Forward_Return_1d,2026-01-29,-0.0238337589642679,0.0039555444
CEG,benchmark_set,baseline,Forward_Return_1d,2026-01-30,-0.035539242016364,0.004356785
CEG,benchmark_set,baseline,Forward_Return_1d,2026-02-02,-0.0090111643654674,0.0051057213
CEG,benchmark_set,baseline,Forward_Return_1d,2026-02-03,-0.0693655163526838,0.006122338
CEG,benchmark_set,baseline,Forward_Return_1d,2026-02-04,-0.0136680542882795,0.006894324
CEG,benchmark_set,baseline,Forward_Return_1d,2026-02-05,0.0564971765635294,0.0077135228
CEG,benchmark_set,baseline,Forward_Return_1d,2026-02-06,0.0402249500467998,0.008313852
CEG,benchmark_set,baseline,Forward_Return_1d,2026-02-09,-0.0037179359967864,0.008675872
CEG,benchmark_set,baseline,Forward_Return_1d,2026-02-10,0.0208404517348673,0.008817096
CEG,benchmark_set,baseline,Forward_Return_1d,2026-02-11,-0.0026403307079662,0.009307929
CEG,benchmark_set,baseline,Forward_Return_1d,2026-02-12,0.0436168441339169,0.009790652
CEG,benchmark_set,baseline,Forward_Return_1d,2026-02-13,0.049313484209276,0.010317911
CEG,benchmark_set,baseline,Forward_Return_1d,2026-02-17,-0.0300160535005044,0.010633842
CEG,benchmark_set,baseline,Forward_Return_1d,2026-02-18,-0.0081610064536627,0.010786777
CEG,benchmark_set,baseline,Forward_Return_1d,2026-02-19,0.0108440140967876,0.011337631
CEG,benchmark_set,baseline,Forward_Return_1d,2026-02-20,-0.0035335610245168,0.011759017
CEG,benchmark_set,baseline,Forward_Return_1d,2026-02-23,0.0621532121865005,0.011925954
CEG,benchmark_set,baseline,Forward_Return_1d,2026-02-24,0.0413540223481416,0.011928688
CEG,benchmark_set,baseline,Forward_Return_1d,2026-02-25,-0.0070218900194915,0.011591478
CEG,benchmark_set,baseline,Forward_Return_1d,2026-02-26,0.0193444200380367,0.011375202
CEG,benchmark_set,baseline,Forward_Return_1d,2026-02-27,-0.0082796337044705,0.0113307815
CEG,benchmark_set,baseline,Forward_Return_1d,2026-03-02,-0.0070243116755323,0.011237919
CEG,benchmark_set,baseline,Forward_Return_1d,2026-03-03,-0.0062372100710561,0.011346599
CEG,benchmark_set,baseline,Forward_Return_1d,2026-03-04,0.0281580041800227,0.01126921
CEG,benchmark_set,baseline,Forward_Return_1d,2026-03-05,-0.0399666964686944,0.010880554
CEG,benchmark_set,baseline,Forward_Return_1d,2026-03-06,0.013581376281302,0.010185736
CEG,benchmark_set,baseline,Forward_Return_1d,2026-03-09,-0.0184356990512056,0.00982342
CEG,benchmark_set,baseline,Forward_Return_1d,2026-03-10,-0.0531057918805653,0.009300585
CEG,benchmark_set,baseline,Forward_Return_1d,2026-03-11,0.0028559575918114,0.008795665
CEG,benchmark_set,baseline,Forward_Return_1d,2026-03-12,0.0007293019920169,0.008365225
CEG,benchmark_set,baseline,Forward_Return_1d,2026-03-13,0.0125464647747109,0.0075982492
CEG,benchmark_set,baseline,Forward_Return_1d,2026-03-16,0.0068812243642254,0.0068066805
CEG,benchmark_set,baseline,Forward_Return_1d,2026-03-17,0.030502752776546,0.006153317
CEG,benchmark_set,baseline,Forward_Return_1d,2026-03-18,-0.002367089104467,0.005955845
CEG,benchmark_set,baseline,Forward_Return_1d,2026-03-19,-0.1153568795337292,0.005896579
CEG,benchmark_set,baseline,Forward_Return_1d,2026-03-20,0.027181453152218,0.0061447574
CEG,benchmark_set,baseline,Forward_Return_1d,2026-03-23,0.0174137453093585,0.0070726783
CEG,benchmark_set,baseline,Forward_Return_1d,2026-03-24,0.0283216048326499,0.0071292175
CEG,benchmark_set,baseline,Forward_Return_1d,2026-03-25,-0.0271691528951636,0.0068447567
CEG,benchmark_set,baseline,Forward_Return_1d,2026-03-26,0.0211175906457165,0.00653869
CEG,benchmark_set,baseline,Forward_Return_1d,2026-03-27,-0.0095984906229976,0.006428131
CEG,benchmark_set,baseline,Forward_Return_1d,2026-03-30,-0.0670308871578172,0.006112245
CEG,benchmark_set,baseline,Forward_Return_1d,2026-03-31,0.000751701126444,0.005954026
CEG,benchmark_set,baseline,Forward_Return_1d,2026-04-01,-0.0240468751644393,0.005915251
CEG,benchmark_set,baseline,Forward_Return_1d,2026-04-02,0.0085404960555163,0.005420271
CEG,benchmark_set,baseline,Forward_Return_1d,2026-04-06,-0.0094206602290927,0.004961889
CEG,benchmark_set,baseline,Forward_Return_1d,2026-04-07,0.041992352368269,0.0043980656
CEG,benchmark_set,baseline,Forward_Return_1d,2026-04-08,0.0225737660969757,0.004007382
CEG,benchmark_set,augmented,Forward_Return_1d,2025-12-19,0.0067582728395321,0.006730004
CEG,benchmark_set,augmented,Forward_Return_1d,2025-12-22,0.0097894646139639,0.00640181
CEG,benchmark_set,augmented,Forward_Return_1d,2025-12-23,0.0072249736627452,0.0074501745
CEG,benchmark_set,augmented,Forward_Return_1d,2025-12-24,-0.0096355630609218,0.0075918036
CEG,benchmark_set,augmented,Forward_Return_1d,2025-12-26,-0.005926692398298,0.007532156
CEG,benchmark_set,augmented,Forward_Return_1d,2025-12-29,-0.0033824713007329,0.007331636
CEG,benchmark_set,augmented,Forward_Return_1d,2025-12-30,-0.0108392259608827,0.0073710848
CEG,benchmark_set,augmented,Forward_Return_1d,2025-12-31,0.0360835722221259,0.0070801023
CEG,benchmark_set,augmented,Forward_Return_1d,2026-01-02,-0.031367389965411,0.0068033934
CEG,benchmark_set,augmented,Forward_Return_1d,2026-01-05,-0.0010148832601193,0.0045990627
CEG,benchmark_set,augmented,Forward_Return_1d,2026-01-06,-0.0460258255178248,0.00074141304
CEG,benchmark_set,augmented,Forward_Return_1d,2026-01-07,-0.0486809508648438,-0.00063223933
CEG,benchmark_set,augmented,Forward_Return_1d,2026-01-08,0.0601028518917947,-0.0021965688
CEG,benchmark_set,augmented,Forward_Return_1d,2026-01-09,-0.0196356616268949,-0.00407457
CEG,benchmark_set,augmented,Forward_Return_1d,2026-01-12,-0.0069614751043846,-0.0021835498
CEG,benchmark_set,augmented,Forward_Return_1d,2026-01-13,-0.0094893031543145,-0.00068177265
CEG,benchmark_set,augmented,Forward_Return_1d,2026-01-14,0.0322252833390662,-0.000715412
CEG,benchmark_set,augmented,Forward_Return_1d,2026-01-15,-0.1033110656831798,-0.00076066126
CEG,benchmark_set,augmented,Forward_Return_1d,2026-01-16,-0.0408273862040148,-0.00044412335
CEG,benchmark_set,augmented,Forward_Return_1d,2026-01-20,-0.0034929039663603,-8.782075e-05
CEG,benchmark_set,augmented,Forward_Return_1d,2026-01-21,-0.024136440478469,-0.0017900865
CEG,benchmark_set,augmented,Forward_Return_1d,2026-01-22,0.0059332630380688,-0.003412306
CEG,benchmark_set,augmented,Forward_Return_1d,2026-01-23,-0.0131982304311042,-0.005976811
CEG,benchmark_set,augmented,Forward_Return_1d,2026-01-26,0.0121598705211167,-0.008152667
CEG,benchmark_set,augmented,Forward_Return_1d,2026-01-27,-0.0028090860186761,-0.005281461
CEG,benchmark_set,augmented,Forward_Return_1d,2026-01-28,-0.0017379140934304,-0.003382624
CEG,benchmark_set,augmented,Forward_Return_1d,2026-01-29,-0.0238337589642679,-0.0013403853
CEG,benchmark_set,augmented,Forward_Return_1d,2026-01-30,-0.035539242016364,-0.00039371365
CEG,benchmark_set,augmented,Forward_Return_1d,2026-02-02,-0.0090111643654674,0.00071203447
CEG,benchmark_set,augmented,Forward_Return_1d,2026-02-03,-0.0693655163526838,0.0043162256
CEG,benchmark_set,augmented,Forward_Return_1d,2026-02-04,-0.0136680542882795,0.00652407
CEG,benchmark_set,augmented,Forward_Return_1d,2026-02-05,0.0564971765635294,0.0062077967
CEG,benchmark_set,augmented,Forward_Return_1d,2026-02-06,0.0402249500467998,0.006149384
CEG,benchmark_set,augmented,Forward_Return_1d,2026-02-09,-0.0037179359967864,0.006258973
CEG,benchmark_set,augmented,Forward_Return_1d,2026-02-10,0.0208404517348673,0.005373222
CEG,benchmark_set,augmented,Forward_Return_1d,2026-02-11,-0.0026403307079662,0.007591501
CEG,benchmark_set,augmented,Forward_Return_1d,2026-02-12,0.0436168441339169,0.010975719
CEG,benchmark_set,augmented,Forward_Return_1d,2026-02-13,0.049313484209276,0.012866865
CEG,benchmark_set,augmented,Forward_Return_1d,2026-02-17,-0.0300160535005044,0.013394172
CEG,benchmark_set,augmented,Forward_Return_1d,2026-02-18,-0.0081610064536627,0.013057992
CEG,benchmark_set,augmented,Forward_Return_1d,2026-02-19,0.0108440140967876,0.010623984
CEG,benchmark_set,augmented,Forward_Return_1d,2026-02-20,-0.0035335610245168,0.010474252
CEG,benchmark_set,augmented,Forward_Return_1d,2026-02-23,0.0621532121865005,0.01089056
CEG,benchmark_set,augmented,Forward_Return_1d,2026-02-24,0.0413540223481416,0.011135321
CEG,benchmark_set,augmented,Forward_Return_1d,2026-02-25,-0.0070218900194915,0.01244765
CEG,benchmark_set,augmented,Forward_Return_1d,2026-02-26,0.0193444200380367,0.012702852
CEG,benchmark_set,augmented,Forward_Return_1d,2026-02-27,-0.0082796337044705,0.011988894
CEG,benchmark_set,augmented,Forward_Return_1d,2026-03-02,-0.0070243116755323,0.011873383
CEG,benchmark_set,augmented,Forward_Return_1d,2026-03-03,-0.0062372100710561,0.009800226
CEG,benchmark_set,augmented,Forward_Return_1d,2026-03-04,0.0281580041800227,0.0077950237
CEG,benchmark_set,augmented,Forward_Return_1d,2026-03-05,-0.0399666964686944,0.0045438996
CEG,benchmark_set,augmented,Forward_Return_1d,2026-03-06,0.013581376281302,0.0052351886
CEG,benchmark_set,augmented,Forward_Return_1d,2026-03-09,-0.0184356990512056,0.0058197808
CEG,benchmark_set,augmented,Forward_Return_1d,2026-03-10,-0.0531057918805653,0.006287301
CEG,benchmark_set,augmented,Forward_Return_1d,2026-03-11,0.0028559575918114,0.0063233133
CEG,benchmark_set,augmented,Forward_Return_1d,2026-03-12,0.0007293019920169,0.0040848423
CEG,benchmark_set,augmented,Forward_Return_1d,2026-03-13,0.0125464647747109,0.0028657692
CEG,benchmark_set,augmented,Forward_Return_1d,2026-03-16,0.0068812243642254,0.0020774605
CEG,benchmark_set,augmented,Forward_Return_1d,2026-03-17,0.030502752776546,0.0037122576
CEG,benchmark_set,augmented,Forward_Return_1d,2026-03-18,-0.002367089104467,0.0042794924
CEG,benchmark_set,augmented,Forward_Return_1d,2026-03-19,-0.1153568795337292,0.0045910114
CEG,benchmark_set,augmented,Forward_Return_1d,2026-03-20,0.027181453152218,0.0051062116
CEG,benchmark_set,augmented,Forward_Return_1d,2026-03-23,0.0174137453093585,0.004065115
CEG,benchmark_set,augmented,Forward_Return_1d,2026-03-24,0.0283216048326499,0.0035230557
CEG,benchmark_set,augmented,Forward_Return_1d,2026-03-25,-0.0271691528951636,0.003132539
CEG,benchmark_set,augmented,Forward_Return_1d,2026-03-26,0.0211175906457165,0.0046902252
CEG,benchmark_set,augmented,Forward_Return_1d,2026-03-27,-0.0095984906229976,0.0063604815
CEG,benchmark_set,augmented,Forward_Return_1d,2026-03-30,-0.0670308871578172,0.0063238963
CEG,benchmark_set,augmented,Forward_Return_1d,2026-03-31,0.000751701126444,0.006565052
CEG,benchmark_set,augmented,Forward_Return_1d,2026-04-01,-0.0240468751644393,0.0045180554
CEG,benchmark_set,augmented,Forward_Return_1d,2026-04-02,0.0085404960555163,6.692688e-05
CEG,benchmark_set,augmented,Forward_Return_1d,2026-04-06,-0.0094206602290927,-0.0026704005
CEG,benchmark_set,augmented,Forward_Return_1d,2026-04-07,0.041992352368269,-0.0022989062
CEG,benchmark_set,augmented,Forward_Return_1d,2026-04-08,0.0225737660969757,-0.002328363
LAC,core_set,baseline,Forward_Return_1d,2025-12-19,0.0270006252695133,-0.019861382
LAC,core_set,baseline,Forward_Return_1d,2025-12-22,-0.0227989424144479,-0.018964827
LAC,core_set,baseline,Forward_Return_1d,2025-12-23,0.0186921644828863,-0.017941674
LAC,core_set,baseline,Forward_Return_1d,2025-12-24,-0.0356058707257894,-0.01690054
LAC,core_set,baseline,Forward_Return_1d,2025-12-26,-0.0369206050343702,-0.015963832
LAC,core_set,baseline,Forward_Return_1d,2025-12-29,-0.0246373347660165,-0.0150131555
LAC,core_set,baseline,Forward_Return_1d,2025-12-30,-0.0114025668748129,-0.014118637
LAC,core_set,baseline,Forward_Return_1d,2025-12-31,0.0898742129181031,-0.013373868
LAC,core_set,baseline,Forward_Return_1d,2026-01-02,0.0882335621855358,-0.012762859
LAC,core_set,baseline,Forward_Return_1d,2026-01-05,0.0450357105907782,-0.012269831
LAC,core_set,baseline,Forward_Return_1d,2026-01-06,0.0253637407856594,-0.011834434
LAC,core_set,baseline,Forward_Return_1d,2026-01-07,-0.0126014576299266,-0.011282044
LAC,core_set,baseline,Forward_Return_1d,2026-01-08,-0.0238324966835181,-0.010694016
LAC,core_set,baseline,Forward_Return_1d,2026-01-09,0.0663921542940849,-0.010280326
LAC,core_set,baseline,Forward_Return_1d,2026-01-12,0.0137933085239699,-0.010062616
LAC,core_set,baseline,Forward_Return_1d,2026-01-13,0.0369789676707042,-0.01018735
LAC,core_set,baseline,Forward_Return_1d,2026-01-14,-0.0318551762947956,-0.010409053
LAC,core_set,baseline,Forward_Return_1d,2026-01-15,0.0152158731336496,-0.010875683
LAC,core_set,baseline,Forward_Return_1d,2026-01-16,-0.0306667684944492,-0.011192552
LAC,core_set,baseline,Forward_Return_1d,2026-01-20,-0.019214587787925,-0.011798535
LAC,core_set,baseline,Forward_Return_1d,2026-01-21,0.0780056374217284,-0.012399929
LAC,core_set,baseline,Forward_Return_1d,2026-01-22,0.0493337803843152,-0.013140948
LAC,core_set,baseline,Forward_Return_1d,2026-01-23,-0.0724371750847265,-0.014105397
LAC,core_set,baseline,Forward_Return_1d,2026-01-26,0.0472786399723794,-0.014797098
LAC,core_set,baseline,Forward_Return_1d,2026-01-27,-0.0439452272584639,-0.014543767
LAC,core_set,baseline,Forward_Return_1d,2026-01-28,-0.1014856842982853,-0.014373406
LAC,core_set,baseline,Forward_Return_1d,2026-01-29,-0.1088451887369939,-0.014048099
LAC,core_set,baseline,Forward_Return_1d,2026-01-30,-0.0228461972675895,-0.013429298
LAC,core_set,baseline,Forward_Return_1d,2026-02-02,0.0826249869496403,-0.012769354
LAC,core_set,baseline,Forward_Return_1d,2026-02-03,-0.0680262514087537,-0.0125949895
LAC,core_set,baseline,Forward_Return_1d,2026-02-04,-0.090971797010308,-0.012968109
LAC,core_set,baseline,Forward_Return_1d,2026-02-05,0.0551407605350461,-0.012900794
LAC,core_set,baseline,Forward_Return_1d,2026-02-06,0.037899336861592,-0.012518527
LAC,core_set,baseline,Forward_Return_1d,2026-02-09,-0.0208776648352866,-0.0123240175
LAC,core_set,baseline,Forward_Return_1d,2026-02-10,0.0042106289080699,-0.012178503
LAC,core_set,baseline,Forward_Return_1d,2026-02-11,-0.0473207126769071,-0.01186799
LAC,core_set,baseline,Forward_Return_1d,2026-02-12,0.0196298891645636,-0.011448489
LAC,core_set,baseline,Forward_Return_1d,2026-02-13,-0.0196298891645636,-0.010740412
LAC,core_set,baseline,Forward_Return_1d,2026-02-17,0.0,-0.010114423
LAC,core_set,baseline,Forward_Return_1d,2026-02-18,0.0153008823196269,-0.0093177315
LAC,core_set,baseline,Forward_Return_1d,2026-02-19,-0.0219306817060281,-0.008771708
LAC,core_set,baseline,Forward_Return_1d,2026-02-20,0.0132160382043386,-0.008456493
LAC,core_set,baseline,Forward_Return_1d,2026-02-23,0.0978928320456562,-0.008448969
LAC,core_set,baseline,Forward_Return_1d,2026-02-24,0.0137933558292428,-0.008804666
LAC,core_set,baseline,Forward_Return_1d,2026-02-25,0.0077973028499162,-0.00934535
LAC,core_set,baseline,Forward_Return_1d,2026-02-26,-0.0176302612026095,-0.00975859
LAC,core_set,baseline,Forward_Return_1d,2026-02-27,0.0117879447086914,-0.010217662
LAC,core_set,baseline,Forward_Return_1d,2026-03-02,-0.070808115798059,-0.010664583
LAC,core_set,baseline,Forward_Return_1d,2026-03-03,0.0083507713199091,-0.011366598
LAC,core_set,baseline,Forward_Return_1d,2026-03-04,-0.0446407894585256,-0.011587594
LAC,core_set,baseline,Forward_Return_1d,2026-03-05,-0.0109290078803903,-0.011973656
LAC,core_set,baseline,Forward_Return_1d,2026-03-06,0.0195870625808991,-0.01232659
LAC,core_set,baseline,Forward_Return_1d,2026-03-09,0.0107182571952048,-0.012757727
LAC,core_set,baseline,Forward_Return_1d,2026-03-10,0.0,-0.013371429
LAC,core_set,baseline,Forward_Return_1d,2026-03-11,-0.0303053197761039,-0.013828204
LAC,core_set,baseline,Forward_Return_1d,2026-03-12,-0.0357980782088328,-0.014025864
LAC,core_set,baseline,Forward_Return_1d,2026-03-13,0.0,-0.013893376
LAC,core_set,baseline,Forward_Return_1d,2026-03-16,0.0247482001024985,-0.013491951
LAC,core_set,baseline,Forward_Return_1d,2026-03-17,-0.0501243381619273,-0.012717865
LAC,core_set,baseline,Forward_Return_1d,2026-03-18,-0.0651617602181059,-0.011835521
LAC,core_set,baseline,Forward_Return_1d,2026-03-19,-0.0777594114946942,-0.010547368
LAC,core_set,baseline,Forward_Return_1d,2026-03-20,0.0601488509312548,-0.009116286
LAC,core_set,baseline,Forward_Return_1d,2026-03-23,0.0176105605634393,-0.0076015107
LAC,core_set,baseline,Forward_Return_1d,2026-03-24,0.0099256298172338,-0.0068547847
LAC,core_set,baseline,Forward_Return_1d,2026-03-25,-0.042881745083211,-0.00651042
LAC,core_set,baseline,Forward_Return_1d,2026-03-26,0.0051413944585245,-0.0064925747
LAC,core_set,baseline,Forward_Return_1d,2026-03-27,-0.0286105685596175,-0.006318381
LAC,core_set,baseline,Forward_Return_1d,2026-03-30,0.0413495819556865,-0.006183462
LAC,core_set,baseline,Forward_Return_1d,2026-03-31,0.0,-0.0058396943
LAC,core_set,baseline,Forward_Return_1d,2026-04-01,0.0225290915458814,-0.005678553
LAC,core_set,baseline,Forward_Return_1d,2026-04-02,-0.0024782545105232,-0.0054598395
LAC,core_set,baseline,Forward_Return_1d,2026-04-06,-0.0150003261145095,-0.0053605717
LAC,core_set,baseline,Forward_Return_1d,2026-04-07,0.049149952200914,-0.0052182944
LAC,core_set,baseline,Forward_Return_1d,2026-04-08,-0.0193710467443576,-0.0049086725
LAC,core_set,augmented,Forward_Return_1d,2025-12-19,0.0270006252695133,-0.039784003
LAC,core_set,augmented,Forward_Return_1d,2025-12-22,-0.0227989424144479,-0.04218419
LAC,core_set,augmented,Forward_Return_1d,2025-12-23,0.0186921644828863,-0.037529875
LAC,core_set,augmented,Forward_Return_1d,2025-12-24,-0.0356058707257894,-0.03132358
LAC,core_set,augmented,Forward_Return_1d,2025-12-26,-0.0369206050343702,-0.024552653
LAC,core_set,augmented,Forward_Return_1d,2025-12-29,-0.0246373347660165,-0.016371835
LAC,core_set,augmented,Forward_Return_1d,2025-12-30,-0.0114025668748129,-0.01116144
LAC,core_set,augmented,Forward_Return_1d,2025-12-31,0.0898742129181031,-0.016178234
LAC,core_set,augmented,Forward_Return_1d,2026-01-02,0.0882335621855358,-0.01602071
LAC,core_set,augmented,Forward_Return_1d,2026-01-05,0.0450357105907782,-0.011744511
LAC,core_set,augmented,Forward_Return_1d,2026-01-06,0.0253637407856594,-0.007927758
LAC,core_set,augmented,Forward_Return_1d,2026-01-07,-0.0126014576299266,-0.004438374
LAC,core_set,augmented,Forward_Return_1d,2026-01-08,-0.0238324966835181,-0.0017013114
LAC,core_set,augmented,Forward_Return_1d,2026-01-09,0.0663921542940849,0.0126153305
LAC,core_set,augmented,Forward_Return_1d,2026-01-12,0.0137933085239699,0.016579628
LAC,core_set,augmented,Forward_Return_1d,2026-01-13,0.0369789676707042,0.015180464
LAC,core_set,augmented,Forward_Return_1d,2026-01-14,-0.0318551762947956,0.010597478
LAC,core_set,augmented,Forward_Return_1d,2026-01-15,0.0152158731336496,0.011526418
LAC,core_set,augmented,Forward_Return_1d,2026-01-16,-0.0306667684944492,0.0088949
LAC,core_set,augmented,Forward_Return_1d,2026-01-20,-0.019214587787925,0.0038876524
LAC,core_set,augmented,Forward_Return_1d,2026-01-21,0.0780056374217284,-0.001047814
LAC,core_set,augmented,Forward_Return_1d,2026-01-22,0.0493337803843152,-0.00553253
LAC,core_set,augmented,Forward_Return_1d,2026-01-23,-0.0724371750847265,-0.011249074
LAC,core_set,augmented,Forward_Return_1d,2026-01-26,0.0472786399723794,-0.013537399
LAC,core_set,augmented,Forward_Return_1d,2026-01-27,-0.0439452272584639,-0.025160348
LAC,core_set,augmented,Forward_Return_1d,2026-01-28,-0.1014856842982853,-0.023945171
LAC,core_set,augmented,Forward_Return_1d,2026-01-29,-0.1088451887369939,-0.019883722
LAC,core_set,augmented,Forward_Return_1d,2026-01-30,-0.0228461972675895,-0.014998886
LAC,core_set,augmented,Forward_Return_1d,2026-02-02,0.0826249869496403,-0.00949055
LAC,core_set,augmented,Forward_Return_1d,2026-02-03,-0.0680262514087537,-0.0095868865
LAC,core_set,augmented,Forward_Return_1d,2026-02-04,-0.090971797010308,-0.009555491
LAC,core_set,augmented,Forward_Return_1d,2026-02-05,0.0551407605350461,-0.024277467
LAC,core_set,augmented,Forward_Return_1d,2026-02-06,0.037899336861592,-0.027784713
LAC,core_set,augmented,Forward_Return_1d,2026-02-09,-0.0208776648352866,-0.02631994
LAC,core_set,augmented,Forward_Return_1d,2026-02-10,0.0042106289080699,-0.021385398
LAC,core_set,augmented,Forward_Return_1d,2026-02-11,-0.0473207126769071,-0.0144465035
LAC,core_set,augmented,Forward_Return_1d,2026-02-12,0.0196298891645636,-0.008296661
LAC,core_set,augmented,Forward_Return_1d,2026-02-13,-0.0196298891645636,-0.0031753785
LAC,core_set,augmented,Forward_Return_1d,2026-02-17,0.0,-0.00024383725
LAC,core_set,augmented,Forward_Return_1d,2026-02-18,0.0153008823196269,-8.4331026e-05
LAC,core_set,augmented,Forward_Return_1d,2026-02-19,-0.0219306817060281,0.0026235783
LAC,core_set,augmented,Forward_Return_1d,2026-02-20,0.0132160382043386,0.011492615
LAC,core_set,augmented,Forward_Return_1d,2026-02-23,0.0978928320456562,0.014636246
LAC,core_set,augmented,Forward_Return_1d,2026-02-24,0.0137933558292428,0.018071374
LAC,core_set,augmented,Forward_Return_1d,2026-02-25,0.0077973028499162,0.01413663
LAC,core_set,augmented,Forward_Return_1d,2026-02-26,-0.0176302612026095,0.009193649
LAC,core_set,augmented,Forward_Return_1d,2026-02-27,0.0117879447086914,0.0014314686
LAC,core_set,augmented,Forward_Return_1d,2026-03-02,-0.070808115798059,-0.0031188724
LAC,core_set,augmented,Forward_Return_1d,2026-03-03,0.0083507713199091,-0.003568127
LAC,core_set,augmented,Forward_Return_1d,2026-03-04,-0.0446407894585256,-0.0046153907
LAC,core_set,augmented,Forward_Return_1d,2026-03-05,-0.0109290078803903,-0.0069861254
LAC,core_set,augmented,Forward_Return_1d,2026-03-06,0.0195870625808991,-0.007939487
LAC,core_set,augmented,Forward_Return_1d,2026-03-09,0.0107182571952048,-0.009589577
LAC,core_set,augmented,Forward_Return_1d,2026-03-10,0.0,-0.010119053
LAC,core_set,augmented,Forward_Return_1d,2026-03-11,-0.0303053197761039,-0.011244828
LAC,core_set,augmented,Forward_Return_1d,2026-03-12,-0.0357980782088328,-0.007124654
LAC,core_set,augmented,Forward_Return_1d,2026-03-13,0.0,-0.004787744
LAC,core_set,augmented,Forward_Return_1d,2026-03-16,0.0247482001024985,0.002162979
LAC,core_set,augmented,Forward_Return_1d,2026-03-17,-0.0501243381619273,0.004978803
LAC,core_set,augmented,Forward_Return_1d,2026-03-18,-0.0651617602181059,-0.003004125
LAC,core_set,augmented,Forward_Return_1d,2026-03-19,-0.0777594114946942,-0.006740993
LAC,core_set,augmented,Forward_Return_1d,2026-03-20,0.0601488509312548,-0.0101462025
LAC,core_set,augmented,Forward_Return_1d,2026-03-23,0.0176105605634393,-0.021158205
LAC,core_set,augmented,Forward_Return_1d,2026-03-24,0.0099256298172338,-0.02180225
LAC,core_set,augmented,Forward_Return_1d,2026-03-25,-0.042881745083211,-0.022330575
LAC,core_set,augmented,Forward_Return_1d,2026-03-26,0.0051413944585245,-0.017577771
LAC,core_set,augmented,Forward_Return_1d,2026-03-27,-0.0286105685596175,-0.010096905
LAC,core_set,augmented,Forward_Return_1d,2026-03-30,0.0413495819556865,-0.0034630753
LAC,core_set,augmented,Forward_Return_1d,2026-03-31,0.0,0.007514558
LAC,core_set,augmented,Forward_Return_1d,2026-04-01,0.0225290915458814,0.013440218
LAC,core_set,augmented,Forward_Return_1d,2026-04-02,-0.0024782545105232,0.016728517
LAC,core_set,augmented,Forward_Return_1d,2026-04-06,-0.0150003261145095,0.016442038
LAC,core_set,augmented,Forward_Return_1d,2026-04-07,0.049149952200914,0.018274155
LAC,core_set,augmented,Forward_Return_1d,2026-04-08,-0.0193710467443576,0.016864657
LEU,core_set,baseline,Forward_Return_1d,2025-12-19,-0.0023329533083528,0.04550407
LEU,core_set,baseline,Forward_Return_1d,2025-12-22,-0.0119799430510788,0.042991802
LEU,core_set,baseline,Forward_Return_1d,2025-12-23,0.0082203537330012,0.04090956
LEU,core_set,baseline,Forward_Return_1d,2025-12-24,-0.0228589865941349,0.0395667
LEU,core_set,baseline,Forward_Return_1d,2025-12-26,-0.0200983747130165,0.038795494
LEU,core_set,baseline,Forward_Return_1d,2025-12-29,-0.0089065279147036,0.037849925
LEU,core_set,baseline,Forward_Return_1d,2025-12-30,-0.017436503461282,0.03685447
LEU,core_set,baseline,Forward_Return_1d,2025-12-31,0.1155653357636066,0.035854697
LEU,core_set,baseline,Forward_Return_1d,2026-01-02,0.0975096063710563,0.03482066
LEU,core_set,baseline,Forward_Return_1d,2026-01-05,0.0375023880339058,0.033023324
LEU,core_set,baseline,Forward_Return_1d,2026-01-06,0.0349088349235021,0.030462489
LEU,core_set,baseline,Forward_Return_1d,2026-01-07,-0.1206938885633136,0.029181518
LEU,core_set,baseline,Forward_Return_1d,2026-01-08,0.0673402774021309,0.029524753
LEU,core_set,baseline,Forward_Return_1d,2026-01-09,0.009976546354098,0.030473316
LEU,core_set,baseline,Forward_Return_1d,2026-01-12,-0.0361832988910453,0.031223936
LEU,core_set,baseline,Forward_Return_1d,2026-01-13,0.0307036476959672,0.031785212
LEU,core_set,baseline,Forward_Return_1d,2026-01-14,-0.0047908615386203,0.031701963
LEU,core_set,baseline,Forward_Return_1d,2026-01-15,0.0782971361325272,0.031351566
LEU,core_set,baseline,Forward_Return_1d,2026-01-16,-0.0467199425415233,0.030541765
LEU,core_set,baseline,Forward_Return_1d,2026-01-20,-0.0386587379439977,0.02942442
LEU,core_set,baseline,Forward_Return_1d,2026-01-21,-0.0051789046515586,0.028270988
LEU,core_set,baseline,Forward_Return_1d,2026-01-22,-0.0206502683522562,0.027156837
LEU,core_set,baseline,Forward_Return_1d,2026-01-23,-0.0501584303184008,0.026365152
LEU,core_set,baseline,Forward_Return_1d,2026-01-26,0.0937599461265052,0.025621958
LEU,core_set,baseline,Forward_Return_1d,2026-01-27,0.0877329486706461,0.024314119
LEU,core_set,baseline,Forward_Return_1d,2026-01-28,-0.1135655968456815,0.02180919
LEU,core_set,baseline,Forward_Return_1d,2026-01-29,-0.0801422194983998,0.01860584
LEU,core_set,baseline,Forward_Return_1d,2026-01-30,-0.0405929625352542,0.015709566
LEU,core_set,baseline,Forward_Return_1d,2026-02-02,0.0484319375900963,0.013263558
LEU,core_set,baseline,Forward_Return_1d,2026-02-03,-0.1093021800750082,0.011408079
LEU,core_set,baseline,Forward_Return_1d,2026-02-04,-0.0378550489305703,0.009809502
LEU,core_set,baseline,Forward_Return_1d,2026-02-05,0.0846299714224502,0.007925471
LEU,core_set,baseline,Forward_Return_1d,2026-02-06,0.0473305035892238,0.0065348675
LEU,core_set,baseline,Forward_Return_1d,2026-02-09,-0.0415779651574337,0.00509134
LEU,core_set,baseline,Forward_Return_1d,2026-02-10,-0.2318228897697203,0.0038871872
LEU,core_set,baseline,Forward_Return_1d,2026-02-11,-0.1264328570687187,0.0034006643
LEU,core_set,baseline,Forward_Return_1d,2026-02-12,0.0728228496099481,0.0021358603
LEU,core_set,baseline,Forward_Return_1d,2026-02-13,0.0008029491005939,0.0008765216
LEU,core_set,baseline,Forward_Return_1d,2026-02-17,0.036061204968968,-0.00041261513
LEU,core_set,baseline,Forward_Return_1d,2026-02-18,0.0106366383536191,-0.0010151468
LEU,core_set,baseline,Forward_Return_1d,2026-02-19,-0.0249643809444167,-0.001136358
LEU,core_set,baseline,Forward_Return_1d,2026-02-20,-0.013540383914423,-0.0010039083
LEU,core_set,baseline,Forward_Return_1d,2026-02-23,0.0302845205111868,-0.000643514
LEU,core_set,baseline,Forward_Return_1d,2026-02-24,0.016563359459828,0.000387258
LEU,core_set,baseline,Forward_Return_1d,2026-02-25,0.0015655109911304,0.0016681246
LEU,core_set,baseline,Forward_Return_1d,2026-02-26,-0.0404843596919362,0.003263284
LEU,core_set,baseline,Forward_Return_1d,2026-02-27,0.0263058138548174,0.0051150452
LEU,core_set,baseline,Forward_Return_1d,2026-03-02,-0.0525111949969997,0.0076960865
LEU,core_set,baseline,Forward_Return_1d,2026-03-03,0.0286211660593928,0.010071398
LEU,core_set,baseline,Forward_Return_1d,2026-03-04,-0.0442995879012856,0.011947896
LEU,core_set,baseline,Forward_Return_1d,2026-03-05,-0.0281355793818541,0.013367153
LEU,core_set,baseline,Forward_Return_1d,2026-03-06,0.0361842594636013,0.0146194175
LEU,core_set,baseline,Forward_Return_1d,2026-03-09,0.0251594616564648,0.01633241
LEU,core_set,baseline,Forward_Return_1d,2026-03-10,-0.0024426853861218,0.018399872
LEU,core_set,baseline,Forward_Return_1d,2026-03-11,0.0698742710828493,0.02047973
LEU,core_set,baseline,Forward_Return_1d,2026-03-12,-0.0245483676067295,0.022701887
LEU,core_set,baseline,Forward_Return_1d,2026-03-13,0.0151489214997036,0.02530696
LEU,core_set,baseline,Forward_Return_1d,2026-03-16,0.0035644431383084,0.028883925
LEU,core_set,baseline,Forward_Return_1d,2026-03-17,-0.0243579271423941,0.032989103
LEU,core_set,baseline,Forward_Return_1d,2026-03-18,-0.0162983191886239,0.036971256
LEU,core_set,baseline,Forward_Return_1d,2026-03-19,-0.0936245486397546,0.04027334
LEU,core_set,baseline,Forward_Return_1d,2026-03-20,0.0360214888637756,0.042730287
LEU,core_set,baseline,Forward_Return_1d,2026-03-23,0.0114521510709112,0.04381489
LEU,core_set,baseline,Forward_Return_1d,2026-03-24,-0.0132615764770016,0.044127695
LEU,core_set,baseline,Forward_Return_1d,2026-03-25,0.0002587011566493,0.043815836
LEU,core_set,baseline,Forward_Return_1d,2026-03-26,-0.0553555832780728,0.04301968
LEU,core_set,baseline,Forward_Return_1d,2026-03-27,-0.0818850595623822,0.041899223
LEU,core_set,baseline,Forward_Return_1d,2026-03-30,0.0296417133204848,0.041113324
LEU,core_set,baseline,Forward_Return_1d,2026-03-31,0.0536639319987976,0.039833196
LEU,core_set,baseline,Forward_Return_1d,2026-04-01,0.0002729647659588,0.037802294
LEU,core_set,baseline,Forward_Return_1d,2026-04-02,0.0017450626702362,0.035489503
LEU,core_set,baseline,Forward_Return_1d,2026-04-06,-0.0563734544088478,0.033100493
LEU,core_set,baseline,Forward_Return_1d,2026-04-07,0.0917033935926489,0.031029748
LEU,core_set,baseline,Forward_Return_1d,2026-04-08,-0.035329939183801,0.029102743
LEU,core_set,augmented,Forward_Return_1d,2025-12-19,-0.0023329533083528,0.061311215
LEU,core_set,augmented,Forward_Return_1d,2025-12-22,-0.0119799430510788,0.06017394
LEU,core_set,augmented,Forward_Return_1d,2025-12-23,0.0082203537330012,0.057815
LEU,core_set,augmented,Forward_Return_1d,2025-12-24,-0.0228589865941349,0.05461915
LEU,core_set,augmented,Forward_Return_1d,2025-12-26,-0.0200983747130165,0.05186571
LEU,core_set,augmented,Forward_Return_1d,2025-12-29,-0.0089065279147036,0.04979241
LEU,core_set,augmented,Forward_Return_1d,2025-12-30,-0.017436503461282,0.048254907
LEU,core_set,augmented,Forward_Return_1d,2025-12-31,0.1155653357636066,0.040633284
LEU,core_set,augmented,Forward_Return_1d,2026-01-02,0.0975096063710563,0.034246195
LEU,core_set,augmented,Forward_Return_1d,2026-01-05,0.0375023880339058,0.030467605
LEU,core_set,augmented,Forward_Return_1d,2026-01-06,0.0349088349235021,0.028068768
LEU,core_set,augmented,Forward_Return_1d,2026-01-07,-0.1206938885633136,0.027683886
LEU,core_set,augmented,Forward_Return_1d,2026-01-08,0.0673402774021309,0.029701209
LEU,core_set,augmented,Forward_Return_1d,2026-01-09,0.009976546354098,0.03287515
LEU,core_set,augmented,Forward_Return_1d,2026-01-12,-0.0361832988910453,0.03646686
LEU,core_set,augmented,Forward_Return_1d,2026-01-13,0.0307036476959672,0.03326983
LEU,core_set,augmented,Forward_Return_1d,2026-01-14,-0.0047908615386203,0.030797279
LEU,core_set,augmented,Forward_Return_1d,2026-01-15,0.0782971361325272,0.029567232
LEU,core_set,augmented,Forward_Return_1d,2026-01-16,-0.0467199425415233,0.027850384
LEU,core_set,augmented,Forward_Return_1d,2026-01-20,-0.0386587379439977,0.025893733
LEU,core_set,augmented,Forward_Return_1d,2026-01-21,-0.0051789046515586,0.028797796
LEU,core_set,augmented,Forward_Return_1d,2026-01-22,-0.0206502683522562,0.029086368
LEU,core_set,augmented,Forward_Return_1d,2026-01-23,-0.0501584303184008,0.027456453
LEU,core_set,augmented,Forward_Return_1d,2026-01-26,0.0937599461265052,0.023083786
LEU,core_set,augmented,Forward_Return_1d,2026-01-27,0.0877329486706461,0.0316501
LEU,core_set,augmented,Forward_Return_1d,2026-01-28,-0.1135655968456815,0.032800753
LEU,core_set,augmented,Forward_Return_1d,2026-01-29,-0.0801422194983998,0.029691083
LEU,core_set,augmented,Forward_Return_1d,2026-01-30,-0.0405929625352542,0.030302787
LEU,core_set,augmented,Forward_Return_1d,2026-02-02,0.0484319375900963,0.0281364
LEU,core_set,augmented,Forward_Return_1d,2026-02-03,-0.1093021800750082,0.019508684
LEU,core_set,augmented,Forward_Return_1d,2026-02-04,-0.0378550489305703,0.013810134
LEU,core_set,augmented,Forward_Return_1d,2026-02-05,0.0846299714224502,0.010912665
LEU,core_set,augmented,Forward_Return_1d,2026-02-06,0.0473305035892238,0.009692848
LEU,core_set,augmented,Forward_Return_1d,2026-02-09,-0.0415779651574337,0.00853795
LEU,core_set,augmented,Forward_Return_1d,2026-02-10,-0.2318228897697203,0.0074394345
LEU,core_set,augmented,Forward_Return_1d,2026-02-11,-0.1264328570687187,0.009068211
LEU,core_set,augmented,Forward_Return_1d,2026-02-12,0.0728228496099481,0.007912246
LEU,core_set,augmented,Forward_Return_1d,2026-02-13,0.0008029491005939,0.017509125
LEU,core_set,augmented,Forward_Return_1d,2026-02-17,0.036061204968968,0.018336479
LEU,core_set,augmented,Forward_Return_1d,2026-02-18,0.0106366383536191,0.014288958
LEU,core_set,augmented,Forward_Return_1d,2026-02-19,-0.0249643809444167,0.011404374
LEU,core_set,augmented,Forward_Return_1d,2026-02-20,-0.013540383914423,0.007046501
LEU,core_set,augmented,Forward_Return_1d,2026-02-23,0.0302845205111868,0.012054282
LEU,core_set,augmented,Forward_Return_1d,2026-02-24,0.016563359459828,0.015414216
LEU,core_set,augmented,Forward_Return_1d,2026-02-25,0.0015655109911304,0.01745806
LEU,core_set,augmented,Forward_Return_1d,2026-02-26,-0.0404843596919362,0.013903856
LEU,core_set,augmented,Forward_Return_1d,2026-02-27,0.0263058138548174,0.015941063
LEU,core_set,augmented,Forward_Return_1d,2026-03-02,-0.0525111949969997,0.019202692
LEU,core_set,augmented,Forward_Return_1d,2026-03-03,0.0286211660593928,0.022139853
LEU,core_set,augmented,Forward_Return_1d,2026-03-04,-0.0442995879012856,0.0247305
LEU,core_set,augmented,Forward_Return_1d,2026-03-05,-0.0281355793818541,0.02114192
LEU,core_set,augmented,Forward_Return_1d,2026-03-06,0.0361842594636013,0.018432038
LEU,core_set,augmented,Forward_Return_1d,2026-03-09,0.0251594616564648,0.019902105
LEU,core_set,augmented,Forward_Return_1d,2026-03-10,-0.0024426853861218,0.019659795
LEU,core_set,augmented,Forward_Return_1d,2026-03-11,0.0698742710828493,0.025380332
LEU,core_set,augmented,Forward_Return_1d,2026-03-12,-0.0245483676067295,0.031401172
LEU,core_set,augmented,Forward_Return_1d,2026-03-13,0.0151489214997036,0.037801307
LEU,core_set,augmented,Forward_Return_1d,2026-03-16,0.0035644431383084,0.036375217
LEU,core_set,augmented,Forward_Return_1d,2026-03-17,-0.0243579271423941,0.038024995
LEU,core_set,augmented,Forward_Return_1d,2026-03-18,-0.0162983191886239,0.04725337
LEU,core_set,augmented,Forward_Return_1d,2026-03-19,-0.0936245486397546,0.052251235
LEU,core_set,augmented,Forward_Return_1d,2026-03-20,0.0360214888637756,0.05526169
LEU,core_set,augmented,Forward_Return_1d,2026-03-23,0.0114521510709112,0.06003501
LEU,core_set,augmented,Forward_Return_1d,2026-03-24,-0.0132615764770016,0.060852394
LEU,core_set,augmented,Forward_Return_1d,2026-03-25,0.0002587011566493,0.05744725
LEU,core_set,augmented,Forward_Return_1d,2026-03-26,-0.0553555832780728,0.060168806
LEU,core_set,augmented,Forward_Return_1d,2026-03-27,-0.0818850595623822,0.059165716
LEU,core_set,augmented,Forward_Return_1d,2026-03-30,0.0296417133204848,0.06367958
LEU,core_set,augmented,Forward_Return_1d,2026-03-31,0.0536639319987976,0.063181885
LEU,core_set,augmented,Forward_Return_1d,2026-04-01,0.0002729647659588,0.060070544
LEU,core_set,augmented,Forward_Return_1d,2026-04-02,0.0017450626702362,0.047318887
LEU,core_set,augmented,Forward_Return_1d,2026-04-06,-0.0563734544088478,0.03975066
LEU,core_set,augmented,Forward_Return_1d,2026-04-07,0.0917033935926489,0.035167515
LEU,core_set,augmented,Forward_Return_1d,2026-04-08,-0.035329939183801,0.033286612
LTBR,core_set,baseline,Forward_Return_1d,2025-12-19,0.0542175678378952,0.0429417
LTBR,core_set,baseline,Forward_Return_1d,2025-12-22,-0.0163714279713686,0.041478436
LTBR,core_set,baseline,Forward_Return_1d,2025-12-23,-0.0075940755473031,0.04046429
LTBR,core_set,baseline,Forward_Return_1d,2025-12-24,-0.0482705698219016,0.040378205
LTBR,core_set,baseline,Forward_Return_1d,2025-12-26,-0.0507193198257827,0.040327106
LTBR,core_set,baseline,Forward_Return_1d,2025-12-29,-0.0255728721083875,0.0401354
LTBR,core_set,baseline,Forward_Return_1d,2025-12-30,-0.0078802162980886,0.03985673
LTBR,core_set,baseline,Forward_Return_1d,2025-12-31,0.1100173256525262,0.03876045
LTBR,core_set,baseline,Forward_Return_1d,2026-01-02,0.1010279710007226,0.037034523
LTBR,core_set,baseline,Forward_Return_1d,2026-01-05,0.0414112368328197,0.033389114
LTBR,core_set,baseline,Forward_Return_1d,2026-01-06,0.0079583622034133,0.029445775
LTBR,core_set,baseline,Forward_Return_1d,2026-01-07,-0.017841076494418,0.027834762
LTBR,core_set,baseline,Forward_Return_1d,2026-01-08,0.0245260367198757,0.02812282
LTBR,core_set,baseline,Forward_Return_1d,2026-01-09,0.0,0.029632501
LTBR,core_set,baseline,Forward_Return_1d,2026-01-12,-0.0097383511205171,0.03120868
LTBR,core_set,baseline,Forward_Return_1d,2026-01-13,0.096699251221718,0.032782037
LTBR,core_set,baseline,Forward_Return_1d,2026-01-14,-0.0247342870665957,0.03387155
LTBR,core_set,baseline,Forward_Return_1d,2026-01-15,0.0011376825942958,0.03277601
LTBR,core_set,baseline,Forward_Return_1d,2026-01-16,-0.0241668880713331,0.03322228
LTBR,core_set,baseline,Forward_Return_1d,2026-01-20,0.0510894083627756,0.033830963
LTBR,core_set,baseline,Forward_Return_1d,2026-01-21,0.0153765075735153,0.034841258
LTBR,core_set,baseline,Forward_Return_1d,2026-01-22,-0.0405949271514963,0.03459168
LTBR,core_set,baseline,Forward_Return_1d,2026-01-23,-0.0976967564455324,0.034655765
LTBR,core_set,baseline,Forward_Return_1d,2026-01-26,0.0659846072363563,0.035597865
LTBR,core_set,baseline,Forward_Return_1d,2026-01-27,0.0407517497762927,0.03689633
LTBR,core_set,baseline,Forward_Return_1d,2026-01-28,-0.072897315332455,0.034820855
LTBR,core_set,baseline,Forward_Return_1d,2026-01-29,-0.0714589832133263,0.031918876
LTBR,core_set,baseline,Forward_Return_1d,2026-01-30,-0.0270020226282083,0.030659024
LTBR,core_set,baseline,Forward_Return_1d,2026-02-02,0.1152579681195404,0.029592205
LTBR,core_set,baseline,Forward_Return_1d,2026-02-03,-0.1624139263780018,0.027696466
LTBR,core_set,baseline,Forward_Return_1d,2026-02-04,-0.0561298203585207,0.023364723
LTBR,core_set,baseline,Forward_Return_1d,2026-02-05,0.1006119827041089,0.02296479
LTBR,core_set,baseline,Forward_Return_1d,2026-02-06,-0.0100908774744095,0.021782177
LTBR,core_set,baseline,Forward_Return_1d,2026-02-09,-0.048485937403362,0.018295437
LTBR,core_set,baseline,Forward_Return_1d,2026-02-10,-0.0457430096894247,0.015911814
LTBR,core_set,baseline,Forward_Return_1d,2026-02-11,-0.0644394790058321,0.014857262
LTBR,core_set,baseline,Forward_Return_1d,2026-02-12,0.032738705528277,0.014017291
LTBR,core_set,baseline,Forward_Return_1d,2026-02-13,0.0129525678488429,0.013742082
LTBR,core_set,baseline,Forward_Return_1d,2026-02-17,0.0,0.012604797
LTBR,core_set,baseline,Forward_Return_1d,2026-02-18,0.0157720158066599,0.01214305
LTBR,core_set,baseline,Forward_Return_1d,2026-02-19,-0.0410704076672563,0.011645529
LTBR,core_set,baseline,Forward_Return_1d,2026-02-20,-0.0315484032998724,0.011151454
LTBR,core_set,baseline,Forward_Return_1d,2026-02-23,0.042359345677423,0.012097849
LTBR,core_set,baseline,Forward_Return_1d,2026-02-24,0.0567315742685918,0.013453551
LTBR,core_set,baseline,Forward_Return_1d,2026-02-25,0.006509979868258,0.013439364
LTBR,core_set,baseline,Forward_Return_1d,2026-02-26,-0.0701780096898585,0.012537415
LTBR,core_set,baseline,Forward_Return_1d,2026-02-27,0.0023174774816536,0.013728939
LTBR,core_set,baseline,Forward_Return_1d,2026-03-02,-0.0369393880552888,0.01621216
LTBR,core_set,baseline,Forward_Return_1d,2026-03-03,0.0268578668687387,0.017316371
LTBR,core_set,baseline,Forward_Return_1d,2026-03-04,-0.0544570342911463,0.018681299
LTBR,core_set,baseline,Forward_Return_1d,2026-03-05,-0.0593394250476896,0.019219238
LTBR,core_set,baseline,Forward_Return_1d,2026-03-06,0.019888290185962,0.020874774
LTBR,core_set,baseline,Forward_Return_1d,2026-03-09,0.0353274806009747,0.022825886
LTBR,core_set,baseline,Forward_Return_1d,2026-03-10,0.0024762482613755,0.02312903
LTBR,core_set,baseline,Forward_Return_1d,2026-03-11,-0.0267350666505976,0.023110436
LTBR,core_set,baseline,Forward_Return_1d,2026-03-12,-0.0370892269853923,0.023761725
LTBR,core_set,baseline,Forward_Return_1d,2026-03-13,0.0061322745876774,0.02501788
LTBR,core_set,baseline,Forward_Return_1d,2026-03-16,0.0078295444321413,0.026767626
LTBR,core_set,baseline,Forward_Return_1d,2026-03-17,-0.04974386338362,0.02775643
LTBR,core_set,baseline,Forward_Return_1d,2026-03-18,-0.0314548782100292,0.028200522
LTBR,core_set,baseline,Forward_Return_1d,2026-03-19,-0.0286006323433416,0.02854601
LTBR,core_set,baseline,Forward_Return_1d,2026-03-20,0.0360912967147269,0.028388001
LTBR,core_set,baseline,Forward_Return_1d,2026-03-23,0.0203145780855868,0.028364468
LTBR,core_set,baseline,Forward_Return_1d,2026-03-24,0.03237698395984,0.027035033
LTBR,core_set,baseline,Forward_Return_1d,2026-03-25,-0.0287273482067829,0.025853133
LTBR,core_set,baseline,Forward_Return_1d,2026-03-26,-0.025831670748531,0.02453627
LTBR,core_set,baseline,Forward_Return_1d,2026-03-27,-0.0827722297302842,0.024829417
LTBR,core_set,baseline,Forward_Return_1d,2026-03-30,0.0790269105117494,0.025965882
LTBR,core_set,baseline,Forward_Return_1d,2026-03-31,-0.0037593993858256,0.027570665
LTBR,core_set,baseline,Forward_Return_1d,2026-04-01,0.043304810083516,0.02658437
LTBR,core_set,baseline,Forward_Return_1d,2026-04-02,-0.0518155143343053,0.026345078
LTBR,core_set,baseline,Forward_Return_1d,2026-04-06,-0.0201445703049028,0.025878713
LTBR,core_set,baseline,Forward_Return_1d,2026-04-07,0.0818300307890304,0.027007272
LTBR,core_set,baseline,Forward_Return_1d,2026-04-08,-0.0466050754873963,0.028054971
LTBR,core_set,augmented,Forward_Return_1d,2025-12-19,0.0542175678378952,0.03617643
LTBR,core_set,augmented,Forward_Return_1d,2025-12-22,-0.0163714279713686,0.03461073
LTBR,core_set,augmented,Forward_Return_1d,2025-12-23,-0.0075940755473031,0.033559214
LTBR,core_set,augmented,Forward_Return_1d,2025-12-24,-0.0482705698219016,0.033309713
LTBR,core_set,augmented,Forward_Return_1d,2025-12-26,-0.0507193198257827,0.033132195
LTBR,core_set,augmented,Forward_Return_1d,2025-12-29,-0.0255728721083875,0.032460775
LTBR,core_set,augmented,Forward_Return_1d,2025-12-30,-0.0078802162980886,0.03187129
LTBR,core_set,augmented,Forward_Return_1d,2025-12-31,0.1100173256525262,0.03065203
LTBR,core_set,augmented,Forward_Return_1d,2026-01-02,0.1010279710007226,0.028972594
LTBR,core_set,augmented,Forward_Return_1d,2026-01-05,0.0414112368328197,0.026148805
LTBR,core_set,augmented,Forward_Return_1d,2026-01-06,0.0079583622034133,0.02342662
LTBR,core_set,augmented,Forward_Return_1d,2026-01-07,-0.017841076494418,0.022584556
LTBR,core_set,augmented,Forward_Return_1d,2026-01-08,0.0245260367198757,0.02404087
LTBR,core_set,augmented,Forward_Return_1d,2026-01-09,0.0,0.02656761
LTBR,core_set,augmented,Forward_Return_1d,2026-01-12,-0.0097383511205171,0.029234333
LTBR,core_set,augmented,Forward_Return_1d,2026-01-13,0.096699251221718,0.03191018
LTBR,core_set,augmented,Forward_Return_1d,2026-01-14,-0.0247342870665957,0.034159977
LTBR,core_set,augmented,Forward_Return_1d,2026-01-15,0.0011376825942958,0.042179305
LTBR,core_set,augmented,Forward_Return_1d,2026-01-16,-0.0241668880713331,0.04553523
LTBR,core_set,augmented,Forward_Return_1d,2026-01-20,0.0510894083627756,0.04659072
LTBR,core_set,augmented,Forward_Return_1d,2026-01-21,0.0153765075735153,0.046672165
LTBR,core_set,augmented,Forward_Return_1d,2026-01-22,-0.0405949271514963,0.04565218
LTBR,core_set,augmented,Forward_Return_1d,2026-01-23,-0.0976967564455324,0.04485507
LTBR,core_set,augmented,Forward_Return_1d,2026-01-26,0.0659846072363563,0.044640474
LTBR,core_set,augmented,Forward_Return_1d,2026-01-27,0.0407517497762927,0.044319935
LTBR,core_set,augmented,Forward_Return_1d,2026-01-28,-0.072897315332455,0.041613035
LTBR,core_set,augmented,Forward_Return_1d,2026-01-29,-0.0714589832133263,0.038020823
LTBR,core_set,augmented,Forward_Return_1d,2026-01-30,-0.0270020226282083,0.03558843
LTBR,core_set,augmented,Forward_Return_1d,2026-02-02,0.1152579681195404,0.05129785
LTBR,core_set,augmented,Forward_Return_1d,2026-02-03,-0.1624139263780018,0.053050913
LTBR,core_set,augmented,Forward_Return_1d,2026-02-04,-0.0561298203585207,0.047146633
LTBR,core_set,augmented,Forward_Return_1d,2026-02-05,0.1006119827041089,0.040748507
LTBR,core_set,augmented,Forward_Return_1d,2026-02-06,-0.0100908774744095,0.033964485
LTBR,core_set,augmented,Forward_Return_1d,2026-02-09,-0.048485937403362,0.026565079
LTBR,core_set,augmented,Forward_Return_1d,2026-02-10,-0.0457430096894247,0.020739345
LTBR,core_set,augmented,Forward_Return_1d,2026-02-11,-0.0644394790058321,0.021520043
LTBR,core_set,augmented,Forward_Return_1d,2026-02-12,0.032738705528277,0.019517466
LTBR,core_set,augmented,Forward_Return_1d,2026-02-13,0.0129525678488429,0.016878705
LTBR,core_set,augmented,Forward_Return_1d,2026-02-17,0.0,0.003051045
LTBR,core_set,augmented,Forward_Return_1d,2026-02-18,0.0157720158066599,-0.0004891368
LTBR,core_set,augmented,Forward_Return_1d,2026-02-19,-0.0410704076672563,-0.00065602374
LTBR,core_set,augmented,Forward_Return_1d,2026-02-20,-0.0315484032998724,0.00046361645
LTBR,core_set,augmented,Forward_Return_1d,2026-02-23,0.042359345677423,0.0028060372
LTBR,core_set,augmented,Forward_Return_1d,2026-02-24,0.0567315742685918,0.005329182
LTBR,core_set,augmented,Forward_Return_1d,2026-02-25,0.006509979868258,0.006772952
LTBR,core_set,augmented,Forward_Return_1d,2026-02-26,-0.0701780096898585,0.0012981313
LTBR,core_set,augmented,Forward_Return_1d,2026-02-27,0.0023174774816536,0.0020831744
LTBR,core_set,augmented,Forward_Return_1d,2026-03-02,-0.0369393880552888,0.0031088302
LTBR,core_set,augmented,Forward_Return_1d,2026-03-03,0.0268578668687387,0.0058809724
LTBR,core_set,augmented,Forward_Return_1d,2026-03-04,-0.0544570342911463,0.009105991
LTBR,core_set,augmented,Forward_Return_1d,2026-03-05,-0.0593394250476896,0.011840594
LTBR,core_set,augmented,Forward_Return_1d,2026-03-06,0.019888290185962,0.014994637
LTBR,core_set,augmented,Forward_Return_1d,2026-03-09,0.0353274806009747,0.017717563
LTBR,core_set,augmented,Forward_Return_1d,2026-03-10,0.0024762482613755,0.019160934
LTBR,core_set,augmented,Forward_Return_1d,2026-03-11,-0.0267350666505976,0.019609364
LTBR,core_set,augmented,Forward_Return_1d,2026-03-12,-0.0370892269853923,0.020587863
LTBR,core_set,augmented,Forward_Return_1d,2026-03-13,0.0061322745876774,0.021742677
LTBR,core_set,augmented,Forward_Return_1d,2026-03-16,0.0078295444321413,0.023044854
LTBR,core_set,augmented,Forward_Return_1d,2026-03-17,-0.04974386338362,0.018664546
LTBR,core_set,augmented,Forward_Return_1d,2026-03-18,-0.0314548782100292,0.016444515
LTBR,core_set,augmented,Forward_Return_1d,2026-03-19,-0.0286006323433416,0.019894037
LTBR,core_set,augmented,Forward_Return_1d,2026-03-20,0.0360912967147269,0.028592391
LTBR,core_set,augmented,Forward_Return_1d,2026-03-23,0.0203145780855868,0.03124428
LTBR,core_set,augmented,Forward_Return_1d,2026-03-24,0.03237698395984,0.030476773
LTBR,core_set,augmented,Forward_Return_1d,2026-03-25,-0.0287273482067829,0.028484559
LTBR,core_set,augmented,Forward_Return_1d,2026-03-26,-0.025831670748531,0.031557757
LTBR,core_set,augmented,Forward_Return_1d,2026-03-27,-0.0827722297302842,0.031901073
LTBR,core_set,augmented,Forward_Return_1d,2026-03-30,0.0790269105117494,0.032090254
LTBR,core_set,augmented,Forward_Return_1d,2026-03-31,-0.0037593993858256,0.032507554
LTBR,core_set,augmented,Forward_Return_1d,2026-04-01,0.043304810083516,0.030155176
LTBR,core_set,augmented,Forward_Return_1d,2026-04-02,-0.0518155143343053,0.022526544
LTBR,core_set,augmented,Forward_Return_1d,2026-04-06,-0.0201445703049028,0.01865438
LTBR,core_set,augmented,Forward_Return_1d,2026-04-07,0.0818300307890304,0.024072465
LTBR,core_set,augmented,Forward_Return_1d,2026-04-08,-0.0466050754873963,0.028444542
NNE,core_set,baseline,Forward_Return_1d,2025-12-23,-0.0467450380028974,0.0062909243
NNE,core_set,baseline,Forward_Return_1d,2025-12-24,-0.0615945468597467,0.006129408
NNE,core_set,baseline,Forward_Return_1d,2025-12-26,-0.0754318384941426,0.0061426344
NNE,core_set,baseline,Forward_Return_1d,2025-12-29,-0.0596552101243723,0.0062881834
NNE,core_set,baseline,Forward_Return_1d,2025-12-30,-0.0359956720916082,0.006768326
NNE,core_set,baseline,Forward_Return_1d,2025-12-31,0.1397076282823071,0.007042062
NNE,core_set,baseline,Forward_Return_1d,2026-01-02,0.1141949757330739,0.007151849
NNE,core_set,baseline,Forward_Return_1d,2026-01-05,0.030859751190455,0.0057254764
NNE,core_set,baseline,Forward_Return_1d,2026-01-06,-0.0176995600268212,0.0035814769
NNE,core_set,baseline,Forward_Return_1d,2026-01-07,0.052488328268346,0.0023471043
NNE,core_set,baseline,Forward_Return_1d,2026-01-08,-0.0319732416672249,0.0018768142
NNE,core_set,baseline,Forward_Return_1d,2026-01-09,0.0443023666507632,0.0007708118
NNE,core_set,baseline,Forward_Return_1d,2026-01-12,-0.0315752083684736,0.00042887023
NNE,core_set,baseline,Forward_Return_1d,2026-01-13,0.0584085999564199,-0.0002643802
NNE,core_set,baseline,Forward_Return_1d,2026-01-14,-0.0292271095524312,-0.00028449632
NNE,core_set,baseline,Forward_Return_1d,2026-01-15,0.066352997805267,-0.0004057494
NNE,core_set,baseline,Forward_Return_1d,2026-01-16,-0.0520755533068851,0.00023776377
NNE,core_set,baseline,Forward_Return_1d,2026-01-20,0.0262328573791537,0.00036317986
NNE,core_set,baseline,Forward_Return_1d,2026-01-21,0.0375485707727968,0.0012596956
NNE,core_set,baseline,Forward_Return_1d,2026-01-22,-0.0384119693073384,0.001473483
NNE,core_set,baseline,Forward_Return_1d,2026-01-23,-0.0574802347978533,0.0015704645
NNE,core_set,baseline,Forward_Return_1d,2026-01-26,0.0675076009230348,0.0020601149
NNE,core_set,baseline,Forward_Return_1d,2026-01-27,-0.0152236915690279,0.0022930163
NNE,core_set,baseline,Forward_Return_1d,2026-01-28,-0.0732400010219265,0.001674415
NNE,core_set,baseline,Forward_Return_1d,2026-01-29,-0.0883429196825086,0.0012551205
NNE,core_set,baseline,Forward_Return_1d,2026-01-30,-0.059031281591774,0.0015297992
NNE,core_set,baseline,Forward_Return_1d,2026-02-02,0.0757306300406357,0.0018936371
NNE,core_set,baseline,Forward_Return_1d,2026-02-03,-0.0721283068338457,0.0027151345
NNE,core_set,baseline,Forward_Return_1d,2026-02-04,-0.0625029387571004,0.0024191379
NNE,core_set,baseline,Forward_Return_1d,2026-02-05,0.111276025117324,0.0029788348
NNE,core_set,baseline,Forward_Return_1d,2026-02-06,-0.0235631238055844,0.0034486982
NNE,core_set,baseline,Forward_Return_1d,2026-02-09,-0.0742158978150551,0.002701065
NNE,core_set,baseline,Forward_Return_1d,2026-02-10,-0.012158193025532,0.0021555102
NNE,core_set,baseline,Forward_Return_1d,2026-02-11,-0.0541946168454661,0.0025051576
NNE,core_set,baseline,Forward_Return_1d,2026-02-12,0.0004034790677538,0.0023126132
NNE,core_set,baseline,Forward_Return_1d,2026-02-13,0.0175933615309254,0.0024693236
NNE,core_set,baseline,Forward_Return_1d,2026-02-17,-0.0063618445120857,0.0026879557
NNE,core_set,baseline,Forward_Return_1d,2026-02-18,0.0232614532437081,0.0027891803
NNE,core_set,baseline,Forward_Return_1d,2026-02-19,-0.0421868947957465,0.0025948756
NNE,core_set,baseline,Forward_Return_1d,2026-02-20,-0.0065253022900374,0.0025871247
NNE,core_set,baseline,Forward_Return_1d,2026-02-23,0.0393151126074643,0.003214744
NNE,core_set,baseline,Forward_Return_1d,2026-02-24,0.0676807325885525,0.0037696487
NNE,core_set,baseline,Forward_Return_1d,2026-02-25,0.0189371481997447,0.0037290375
NNE,core_set,baseline,Forward_Return_1d,2026-02-26,-0.0416189385574679,0.002822306
NNE,core_set,baseline,Forward_Return_1d,2026-02-27,0.0361930029731075,0.0024982262
NNE,core_set,baseline,Forward_Return_1d,2026-03-02,-0.0578627232894588,0.0027137045
NNE,core_set,baseline,Forward_Return_1d,2026-03-03,0.0129822421116447,0.0021593412
NNE,core_set,baseline,Forward_Return_1d,2026-03-04,-0.0304279554205859,0.0027649472
NNE,core_set,baseline,Forward_Return_1d,2026-03-05,-0.0827186366436395,0.0032726084
NNE,core_set,baseline,Forward_Return_1d,2026-03-06,0.005929682178755,0.003947201
NNE,core_set,baseline,Forward_Return_1d,2026-03-09,0.009247620073093,0.0049233865
NNE,core_set,baseline,Forward_Return_1d,2026-03-10,0.0341386200464763,0.005242487
NNE,core_set,baseline,Forward_Return_1d,2026-03-11,-0.0412770118656973,0.005401139
NNE,core_set,baseline,Forward_Return_1d,2026-03-12,-0.0391027200964098,0.0054138
NNE,core_set,baseline,Forward_Return_1d,2026-03-13,-0.0384147561101091,0.0057441285
NNE,core_set,baseline,Forward_Return_1d,2026-03-16,-0.0128323843028294,0.006280154
NNE,core_set,baseline,Forward_Return_1d,2026-03-17,-0.0205040050500619,0.006001876
NNE,core_set,baseline,Forward_Return_1d,2026-03-18,-0.0108876598469004,0.0053549255
NNE,core_set,baseline,Forward_Return_1d,2026-03-19,0.004274532810298,0.004854608
NNE,core_set,baseline,Forward_Return_1d,2026-03-20,0.04267809352192,0.0043431977
NNE,core_set,baseline,Forward_Return_1d,2026-03-23,-0.0187949533203397,0.0036366708
NNE,core_set,baseline,Forward_Return_1d,2026-03-24,0.0151552804260817,0.0029686699
NNE,core_set,baseline,Forward_Return_1d,2026-03-25,-0.0366715917329233,0.0032376186
NNE,core_set,baseline,Forward_Return_1d,2026-03-26,-0.0415116884960741,0.0033622219
NNE,core_set,baseline,Forward_Return_1d,2026-03-27,-0.0656892197933786,0.0040089968
NNE,core_set,baseline,Forward_Return_1d,2026-03-30,0.0750097986531245,0.0049760435
NNE,core_set,baseline,Forward_Return_1d,2026-03-31,-0.0039138956688907,0.005783819
NNE,core_set,baseline,Forward_Return_1d,2026-04-01,0.0469209841930249,0.0054973895
NNE,core_set,baseline,Forward_Return_1d,2026-04-02,0.0060620875766572,0.0052748644
NNE,core_set,baseline,Forward_Return_1d,2026-04-06,-0.0673007197851468,0.004805908
NNE,core_set,baseline,Forward_Return_1d,2026-04-07,0.1118535216589654,0.0044812276
NNE,core_set,baseline,Forward_Return_1d,2026-04-08,-0.0382962537515286,0.004555362
NNE,core_set,augmented,Forward_Return_1d,2025-12-23,-0.0467450380028974,0.002858923
NNE,core_set,augmented,Forward_Return_1d,2025-12-24,-0.0615945468597467,0.0012272878
NNE,core_set,augmented,Forward_Return_1d,2025-12-26,-0.0754318384941426,0.0022484337
NNE,core_set,augmented,Forward_Return_1d,2025-12-29,-0.0596552101243723,0.0033581306
NNE,core_set,augmented,Forward_Return_1d,2025-12-30,-0.0359956720916082,0.0024013158
NNE,core_set,augmented,Forward_Return_1d,2025-12-31,0.1397076282823071,0.0022813457
NNE,core_set,augmented,Forward_Return_1d,2026-01-02,0.1141949757330739,0.005041158
NNE,core_set,augmented,Forward_Return_1d,2026-01-05,0.030859751190455,0.003957806
NNE,core_set,augmented,Forward_Return_1d,2026-01-06,-0.0176995600268212,2.8160168e-05
NNE,core_set,augmented,Forward_Return_1d,2026-01-07,0.052488328268346,-0.0038138719
NNE,core_set,augmented,Forward_Return_1d,2026-01-08,-0.0319732416672249,-0.005774404
NNE,core_set,augmented,Forward_Return_1d,2026-01-09,0.0443023666507632,-0.0076782443
NNE,core_set,augmented,Forward_Return_1d,2026-01-12,-0.0315752083684736,-0.00836533
NNE,core_set,augmented,Forward_Return_1d,2026-01-13,0.0584085999564199,-0.005390836
NNE,core_set,augmented,Forward_Return_1d,2026-01-14,-0.0292271095524312,-0.00027021742
NNE,core_set,augmented,Forward_Return_1d,2026-01-15,0.066352997805267,0.00028748647
NNE,core_set,augmented,Forward_Return_1d,2026-01-16,-0.0520755533068851,0.0008356285
NNE,core_set,augmented,Forward_Return_1d,2026-01-20,0.0262328573791537,-0.0016235232
NNE,core_set,augmented,Forward_Return_1d,2026-01-21,0.0375485707727968,-0.004835547
NNE,core_set,augmented,Forward_Return_1d,2026-01-22,-0.0384119693073384,-0.009337687
NNE,core_set,augmented,Forward_Return_1d,2026-01-23,-0.0574802347978533,-0.0126696
NNE,core_set,augmented,Forward_Return_1d,2026-01-26,0.0675076009230348,-0.011348009
NNE,core_set,augmented,Forward_Return_1d,2026-01-27,-0.0152236915690279,-0.009429339
NNE,core_set,augmented,Forward_Return_1d,2026-01-28,-0.0732400010219265,-0.008236162
NNE,core_set,augmented,Forward_Return_1d,2026-01-29,-0.0883429196825086,-0.0075072506
NNE,core_set,augmented,Forward_Return_1d,2026-01-30,-0.059031281591774,-0.00632124
NNE,core_set,augmented,Forward_Return_1d,2026-02-02,0.0757306300406357,-0.0037485666
NNE,core_set,augmented,Forward_Return_1d,2026-02-03,-0.0721283068338457,-0.0009902089
NNE,core_set,augmented,Forward_Return_1d,2026-02-04,-0.0625029387571004,0.0010192769
NNE,core_set,augmented,Forward_Return_1d,2026-02-05,0.111276025117324,0.0038140959
NNE,core_set,augmented,Forward_Return_1d,2026-02-06,-0.0235631238055844,0.0039805043
NNE,core_set,augmented,Forward_Return_1d,2026-02-09,-0.0742158978150551,0.0029438075
NNE,core_set,augmented,Forward_Return_1d,2026-02-10,-0.012158193025532,0.0021031585
NNE,core_set,augmented,Forward_Return_1d,2026-02-11,-0.0541946168454661,0.0020870112
NNE,core_set,augmented,Forward_Return_1d,2026-02-12,0.0004034790677538,0.002200967
NNE,core_set,augmented,Forward_Return_1d,2026-02-13,0.0175933615309254,0.0016615589
NNE,core_set,augmented,Forward_Return_1d,2026-02-17,-0.0063618445120857,0.0014376997
NNE,core_set,augmented,Forward_Return_1d,2026-02-18,0.0232614532437081,0.001784202
NNE,core_set,augmented,Forward_Return_1d,2026-02-19,-0.0421868947957465,0.0020925927
NNE,core_set,augmented,Forward_Return_1d,2026-02-20,-0.0065253022900374,0.0026634599
NNE,core_set,augmented,Forward_Return_1d,2026-02-23,0.0393151126074643,0.0019286417
NNE,core_set,augmented,Forward_Return_1d,2026-02-24,0.0676807325885525,0.0019597525
NNE,core_set,augmented,Forward_Return_1d,2026-02-25,0.0189371481997447,0.0012964571
NNE,core_set,augmented,Forward_Return_1d,2026-02-26,-0.0416189385574679,-0.0009065799
NNE,core_set,augmented,Forward_Return_1d,2026-02-27,0.0361930029731075,-0.0032173872
NNE,core_set,augmented,Forward_Return_1d,2026-03-02,-0.0578627232894588,-0.0030506195
NNE,core_set,augmented,Forward_Return_1d,2026-03-03,0.0129822421116447,-0.003421055
NNE,core_set,augmented,Forward_Return_1d,2026-03-04,-0.0304279554205859,-0.0025270588
NNE,core_set,augmented,Forward_Return_1d,2026-03-05,-0.0827186366436395,-0.001993426
NNE,core_set,augmented,Forward_Return_1d,2026-03-06,0.005929682178755,-0.0013732275
NNE,core_set,augmented,Forward_Return_1d,2026-03-09,0.009247620073093,-6.478629e-05
NNE,core_set,augmented,Forward_Return_1d,2026-03-10,0.0341386200464763,0.00067801424
NNE,core_set,augmented,Forward_Return_1d,2026-03-11,-0.0412770118656973,0.001317871
NNE,core_set,augmented,Forward_Return_1d,2026-03-12,-0.0391027200964098,0.0015566007
NNE,core_set,augmented,Forward_Return_1d,2026-03-13,-0.0384147561101091,0.0018799428
NNE,core_set,augmented,Forward_Return_1d,2026-03-16,-0.0128323843028294,0.0030712544
NNE,core_set,augmented,Forward_Return_1d,2026-03-17,-0.0205040050500619,0.00130343
NNE,core_set,augmented,Forward_Return_1d,2026-03-18,-0.0108876598469004,-0.0003333313
NNE,core_set,augmented,Forward_Return_1d,2026-03-19,0.004274532810298,0.0001131522
NNE,core_set,augmented,Forward_Return_1d,2026-03-20,0.04267809352192,0.0013852085
NNE,core_set,augmented,Forward_Return_1d,2026-03-23,-0.0187949533203397,0.0022460672
NNE,core_set,augmented,Forward_Return_1d,2026-03-24,0.0151552804260817,0.0021229975
NNE,core_set,augmented,Forward_Return_1d,2026-03-25,-0.0366715917329233,0.0028612905
NNE,core_set,augmented,Forward_Return_1d,2026-03-26,-0.0415116884960741,0.0056164525
NNE,core_set,augmented,Forward_Return_1d,2026-03-27,-0.0656892197933786,0.007346783
NNE,core_set,augmented,Forward_Return_1d,2026-03-30,0.0750097986531245,0.0083159935
NNE,core_set,augmented,Forward_Return_1d,2026-03-31,-0.0039138956688907,0.008909233
NNE,core_set,augmented,Forward_Return_1d,2026-04-01,0.0469209841930249,0.0076285703
NNE,core_set,augmented,Forward_Return_1d,2026-04-02,0.0060620875766572,0.006874755
NNE,core_set,augmented,Forward_Return_1d,2026-04-06,-0.0673007197851468,0.0041380934
NNE,core_set,augmented,Forward_Return_1d,2026-04-07,0.1118535216589654,0.0011643937
NNE,core_set,augmented,Forward_Return_1d,2026-04-08,-0.0382962537515286,-0.0015354787
NXE,core_set,baseline,Forward_Return_1d,2025-12-19,0.0021881304552692,-0.008022636
NXE,core_set,baseline,Forward_Return_1d,2025-12-22,0.029081259090668,-0.009574074
NXE,core_set,baseline,Forward_Return_1d,2025-12-23,0.0031796246346514,-0.009816175
NXE,core_set,baseline,Forward_Return_1d,2025-12-24,-0.0213911697977339,-0.009444891
NXE,core_set,baseline,Forward_Return_1d,2025-12-26,0.0010805218510147,-0.0078407675
NXE,core_set,baseline,Forward_Return_1d,2025-12-29,-0.0152342818374549,-0.005972673
NXE,core_set,baseline,Forward_Return_1d,2025-12-30,0.0087336717850503,-0.0040421523
NXE,core_set,baseline,Forward_Return_1d,2025-12-31,0.1080742422614732,-0.0026625101
NXE,core_set,baseline,Forward_Return_1d,2026-01-02,0.0448334749676422,-0.0019599248
NXE,core_set,baseline,Forward_Return_1d,2026-01-05,0.0184847967513245,-0.0031157804
NXE,core_set,baseline,Forward_Return_1d,2026-01-06,0.0009153528059943,-0.004717175
NXE,core_set,baseline,Forward_Return_1d,2026-01-07,-0.0128915543747354,-0.005693783
NXE,core_set,baseline,Forward_Return_1d,2026-01-08,-0.0046447079650821,-0.006410012
NXE,core_set,baseline,Forward_Return_1d,2026-01-09,0.0338705049798394,-0.0070217582
NXE,core_set,baseline,Forward_Return_1d,2026-01-12,0.00806818852175,-0.0074736583
NXE,core_set,baseline,Forward_Return_1d,2026-01-13,0.0290385498503368,-0.008172724
NXE,core_set,baseline,Forward_Return_1d,2026-01-14,0.0163444958114072,-0.008812705
NXE,core_set,baseline,Forward_Return_1d,2026-01-15,0.0144009326447119,-0.009086145
NXE,core_set,baseline,Forward_Return_1d,2026-01-16,0.0092089102103939,-0.009235397
NXE,core_set,baseline,Forward_Return_1d,2026-01-20,0.0287494441742226,-0.009261192
NXE,core_set,baseline,Forward_Return_1d,2026-01-21,0.0160645868135669,-0.009340882
NXE,core_set,baseline,Forward_Return_1d,2026-01-22,0.0023875644318033,-0.009724698
NXE,core_set,baseline,Forward_Return_1d,2026-01-23,-0.0323129578703596,-0.009799529
NXE,core_set,baseline,Forward_Return_1d,2026-01-26,0.0480861407178822,-0.009726291
NXE,core_set,baseline,Forward_Return_1d,2026-01-27,0.0854452323320447,-0.009408313
NXE,core_set,baseline,Forward_Return_1d,2026-01-28,-0.0448109964537168,-0.009122234
NXE,core_set,baseline,Forward_Return_1d,2026-01-29,-0.0572026656093926,-0.009623128
NXE,core_set,baseline,Forward_Return_1d,2026-01-30,-0.0348071844124062,-0.009539138
NXE,core_set,baseline,Forward_Return_1d,2026-02-02,0.0324177182511067,-0.008765004
NXE,core_set,baseline,Forward_Return_1d,2026-02-03,-0.0761957905876022,-0.008098421
NXE,core_set,baseline,Forward_Return_1d,2026-02-04,-0.0475860671417463,-0.008162385
NXE,core_set,baseline,Forward_Return_1d,2026-02-05,-0.0036166370397952,-0.0081372475
NXE,core_set,baseline,Forward_Return_1d,2026-02-06,0.0563529661345365,-0.008097891
NXE,core_set,baseline,Forward_Return_1d,2026-02-09,0.0025651773391225,-0.01046783
NXE,core_set,baseline,Forward_Return_1d,2026-02-10,0.0202880815491763,-0.012180654
NXE,core_set,baseline,Forward_Return_1d,2026-02-11,-0.0349120046421198,-0.0130404
NXE,core_set,baseline,Forward_Return_1d,2026-02-12,0.0069084838008259,-0.013451009
NXE,core_set,baseline,Forward_Return_1d,2026-02-13,0.0,-0.013341311
NXE,core_set,baseline,Forward_Return_1d,2026-02-17,0.0355066951371726,-0.013482401
NXE,core_set,baseline,Forward_Return_1d,2026-02-18,0.024611594130227,-0.013132685
NXE,core_set,baseline,Forward_Return_1d,2026-02-19,0.003236245657917,-0.012630739
NXE,core_set,baseline,Forward_Return_1d,2026-02-20,0.00080744685025,-0.012353749
NXE,core_set,baseline,Forward_Return_1d,2026-02-23,0.0364541176768724,-0.011866126
NXE,core_set,baseline,Forward_Return_1d,2026-02-24,-0.0023374133397278,-0.011363913
NXE,core_set,baseline,Forward_Return_1d,2026-02-25,-0.0046911318337691,-0.011297997
NXE,core_set,baseline,Forward_Return_1d,2026-02-26,0.0015661322010239,-0.011891519
NXE,core_set,baseline,Forward_Return_1d,2026-02-27,0.0398826215135596,-0.012777973
NXE,core_set,baseline,Forward_Return_1d,2026-03-02,-0.0732986253160526,-0.014094711
NXE,core_set,baseline,Forward_Return_1d,2026-03-03,0.0326332816386275,-0.015748914
NXE,core_set,baseline,Forward_Return_1d,2026-03-04,-0.029402264043947,-0.01655776
NXE,core_set,baseline,Forward_Return_1d,2026-03-05,-0.0253177645996016,-0.016674066
NXE,core_set,baseline,Forward_Return_1d,2026-03-06,0.0460687274155727,-0.01718901
NXE,core_set,baseline,Forward_Return_1d,2026-03-09,0.0265019527982627,-0.017150864
NXE,core_set,baseline,Forward_Return_1d,2026-03-10,-0.0280829415812154,-0.017680632
NXE,core_set,baseline,Forward_Return_1d,2026-03-11,-0.0143428994594594,-0.018078212
NXE,core_set,baseline,Forward_Return_1d,2026-03-12,-0.0293180322917431,-0.017577725
NXE,core_set,baseline,Forward_Return_1d,2026-03-13,-0.0310558604887713,-0.016915364
NXE,core_set,baseline,Forward_Return_1d,2026-03-16,0.0177444491803308,-0.01636375
NXE,core_set,baseline,Forward_Return_1d,2026-03-17,-0.0151901108874564,-0.015705049
NXE,core_set,baseline,Forward_Return_1d,2026-03-18,-0.0319681543316597,-0.015299685
NXE,core_set,baseline,Forward_Return_1d,2026-03-19,-0.0114791645630343,-0.014978461
NXE,core_set,baseline,Forward_Return_1d,2026-03-20,0.0123566788996646,-0.015111443
NXE,core_set,baseline,Forward_Return_1d,2026-03-23,0.0199746544325283,-0.017363453
NXE,core_set,baseline,Forward_Return_1d,2026-03-24,0.0077088305621736,-0.019282077
NXE,core_set,baseline,Forward_Return_1d,2026-03-25,-0.0561551324994916,-0.019648219
NXE,core_set,baseline,Forward_Return_1d,2026-03-26,-0.0036166370397952,-0.019778535
NXE,core_set,baseline,Forward_Return_1d,2026-03-27,-0.0182820273057337,-0.018972915
NXE,core_set,baseline,Forward_Return_1d,2026-03-30,0.067762120909766,-0.017866861
NXE,core_set,baseline,Forward_Return_1d,2026-03-31,0.0,-0.016818322
NXE,core_set,baseline,Forward_Return_1d,2026-04-01,0.0111444926427075,-0.016676271
NXE,core_set,baseline,Forward_Return_1d,2026-04-02,-0.0198025882711429,-0.016211573
NXE,core_set,baseline,Forward_Return_1d,2026-04-06,-0.0122486522982729,-0.01587375
NXE,core_set,baseline,Forward_Return_1d,2026-04-07,0.0165870704107119,-0.015481871
NXE,core_set,baseline,Forward_Return_1d,2026-04-08,-0.010478992739205,-0.014946617
NXE,core_set,augmented,Forward_Return_1d,2025-12-19,0.0021881304552692,-0.002719236
NXE,core_set,augmented,Forward_Return_1d,2025-12-22,0.029081259090668,-0.003969552
NXE,core_set,augmented,Forward_Return_1d,2025-12-23,0.0031796246346514,-0.0043387404
NXE,core_set,augmented,Forward_Return_1d,2025-12-24,-0.0213911697977339,-0.004350633
NXE,core_set,augmented,Forward_Return_1d,2025-12-26,0.0010805218510147,-0.003457063
NXE,core_set,augmented,Forward_Return_1d,2025-12-29,-0.0152342818374549,-0.0020624883
NXE,core_set,augmented,Forward_Return_1d,2025-12-30,0.0087336717850503,-0.0007132436
NXE,core_set,augmented,Forward_Return_1d,2025-12-31,0.1080742422614732,0.0003498981
NXE,core_set,augmented,Forward_Return_1d,2026-01-02,0.0448334749676422,0.0009808431
NXE,core_set,augmented,Forward_Return_1d,2026-01-05,0.0184847967513245,0.00035837592
NXE,core_set,augmented,Forward_Return_1d,2026-01-06,0.0009153528059943,-0.0005281733
NXE,core_set,augmented,Forward_Return_1d,2026-01-07,-0.0128915543747354,-0.0018027043
NXE,core_set,augmented,Forward_Return_1d,2026-01-08,-0.0046447079650821,-0.0023237332
NXE,core_set,augmented,Forward_Return_1d,2026-01-09,0.0338705049798394,-0.0025852404
NXE,core_set,augmented,Forward_Return_1d,2026-01-12,0.00806818852175,-0.0026271034
NXE,core_set,augmented,Forward_Return_1d,2026-01-13,0.0290385498503368,-0.0025196928
NXE,core_set,augmented,Forward_Return_1d,2026-01-14,0.0163444958114072,-0.002842024
NXE,core_set,augmented,Forward_Return_1d,2026-01-15,0.0144009326447119,-0.003105643
NXE,core_set,augmented,Forward_Return_1d,2026-01-16,0.0092089102103939,-0.0039134216
NXE,core_set,augmented,Forward_Return_1d,2026-01-20,0.0287494441742226,-0.0044847974
NXE,core_set,augmented,Forward_Return_1d,2026-01-21,0.0160645868135669,-0.005445675
NXE,core_set,augmented,Forward_Return_1d,2026-01-22,0.0023875644318033,-0.00607381
NXE,core_set,augmented,Forward_Return_1d,2026-01-23,-0.0323129578703596,-0.007229444
NXE,core_set,augmented,Forward_Return_1d,2026-01-26,0.0480861407178822,-0.0072549134
NXE,core_set,augmented,Forward_Return_1d,2026-01-27,0.0854452323320447,-0.006768637
NXE,core_set,augmented,Forward_Return_1d,2026-01-28,-0.0448109964537168,-0.0062048878
NXE,core_set,augmented,Forward_Return_1d,2026-01-29,-0.0572026656093926,-0.0063509853
NXE,core_set,augmented,Forward_Return_1d,2026-01-30,-0.0348071844124062,-0.006266434
NXE,core_set,augmented,Forward_Return_1d,2026-02-02,0.0324177182511067,-0.005462989
NXE,core_set,augmented,Forward_Return_1d,2026-02-03,-0.0761957905876022,-0.0048215464
NXE,core_set,augmented,Forward_Return_1d,2026-02-04,-0.0475860671417463,-0.0049118577
NXE,core_set,augmented,Forward_Return_1d,2026-02-05,-0.0036166370397952,-0.0053189844
NXE,core_set,augmented,Forward_Return_1d,2026-02-06,0.0563529661345365,-0.005275579
NXE,core_set,augmented,Forward_Return_1d,2026-02-09,0.0025651773391225,-0.0074358145
NXE,core_set,augmented,Forward_Return_1d,2026-02-10,0.0202880815491763,-0.009562183
NXE,core_set,augmented,Forward_Return_1d,2026-02-11,-0.0349120046421198,-0.011231122
NXE,core_set,augmented,Forward_Return_1d,2026-02-12,0.0069084838008259,-0.0135212485
NXE,core_set,augmented,Forward_Return_1d,2026-02-13,0.0,-0.014632703
NXE,core_set,augmented,Forward_Return_1d,2026-02-17,0.0355066951371726,-0.015679305
NXE,core_set,augmented,Forward_Return_1d,2026-02-18,0.024611594130227,-0.016066961
NXE,core_set,augmented,Forward_Return_1d,2026-02-19,0.003236245657917,-0.01680433
NXE,core_set,augmented,Forward_Return_1d,2026-02-20,0.00080744685025,-0.016847113
NXE,core_set,augmented,Forward_Return_1d,2026-02-23,0.0364541176768724,-0.016697146
NXE,core_set,augmented,Forward_Return_1d,2026-02-24,-0.0023374133397278,-0.016176797
NXE,core_set,augmented,Forward_Return_1d,2026-02-25,-0.0046911318337691,-0.015695894
NXE,core_set,augmented,Forward_Return_1d,2026-02-26,0.0015661322010239,-0.015834859
NXE,core_set,augmented,Forward_Return_1d,2026-02-27,0.0398826215135596,-0.016815584
NXE,core_set,augmented,Forward_Return_1d,2026-03-02,-0.0732986253160526,-0.017521767
NXE,core_set,augmented,Forward_Return_1d,2026-03-03,0.0326332816386275,-0.018987864
NXE,core_set,augmented,Forward_Return_1d,2026-03-04,-0.029402264043947,-0.019388558
NXE,core_set,augmented,Forward_Return_1d,2026-03-05,-0.0253177645996016,-0.020166397
NXE,core_set,augmented,Forward_Return_1d,2026-03-06,0.0460687274155727,-0.021388935
NXE,core_set,augmented,Forward_Return_1d,2026-03-09,0.0265019527982627,-0.022225473
NXE,core_set,augmented,Forward_Return_1d,2026-03-10,-0.0280829415812154,-0.024078526
NXE,core_set,augmented,Forward_Return_1d,2026-03-11,-0.0143428994594594,-0.024405807
NXE,core_set,augmented,Forward_Return_1d,2026-03-12,-0.0293180322917431,-0.023915054
NXE,core_set,augmented,Forward_Return_1d,2026-03-13,-0.0310558604887713,-0.023195188
NXE,core_set,augmented,Forward_Return_1d,2026-03-16,0.0177444491803308,-0.021947658
NXE,core_set,augmented,Forward_Return_1d,2026-03-17,-0.0151901108874564,-0.0209684
NXE,core_set,augmented,Forward_Return_1d,2026-03-18,-0.0319681543316597,-0.020465072
NXE,core_set,augmented,Forward_Return_1d,2026-03-19,-0.0114791645630343,-0.020421762
NXE,core_set,augmented,Forward_Return_1d,2026-03-20,0.0123566788996646,-0.020116394
NXE,core_set,augmented,Forward_Return_1d,2026-03-23,0.0199746544325283,-0.02270642
NXE,core_set,augmented,Forward_Return_1d,2026-03-24,0.0077088305621736,-0.02567622
NXE,core_set,augmented,Forward_Return_1d,2026-03-25,-0.0561551324994916,-0.02783759
NXE,core_set,augmented,Forward_Return_1d,2026-03-26,-0.0036166370397952,-0.028782178
NXE,core_set,augmented,Forward_Return_1d,2026-03-27,-0.0182820273057337,-0.028715875
NXE,core_set,augmented,Forward_Return_1d,2026-03-30,0.067762120909766,-0.02795142
NXE,core_set,augmented,Forward_Return_1d,2026-03-31,0.0,-0.027287472
NXE,core_set,augmented,Forward_Return_1d,2026-04-01,0.0111444926427075,-0.028021403
NXE,core_set,augmented,Forward_Return_1d,2026-04-02,-0.0198025882711429,-0.026926596
NXE,core_set,augmented,Forward_Return_1d,2026-04-06,-0.0122486522982729,-0.025913954
NXE,core_set,augmented,Forward_Return_1d,2026-04-07,0.0165870704107119,-0.025047734
NXE,core_set,augmented,Forward_Return_1d,2026-04-08,-0.010478992739205,-0.02398099
SMR,core_set,baseline,Forward_Return_1d,2025-12-19,0.0221547898644608,-0.009733567
SMR,core_set,baseline,Forward_Return_1d,2025-12-22,-0.0283969716759057,-0.010858051
SMR,core_set,baseline,Forward_Return_1d,2025-12-23,0.0068642800585993,-0.01131323
SMR,core_set,baseline,Forward_Return_1d,2025-12-24,-0.0795763680692664,-0.010980779
SMR,core_set,baseline,Forward_Return_1d,2025-12-26,-0.0252315355928489,-0.0107565
SMR,core_set,baseline,Forward_Return_1d,2025-12-29,-0.0118097324523781,-0.011586478
SMR,core_set,baseline,Forward_Return_1d,2025-12-30,-0.0098315638049013,-0.012797466
SMR,core_set,baseline,Forward_Return_1d,2025-12-31,0.1406513248019623,-0.013490898
SMR,core_set,baseline,Forward_Return_1d,2026-01-02,0.1410141264539704,-0.013440467
SMR,core_set,baseline,Forward_Return_1d,2026-01-05,0.0412052554712135,-0.014607832
SMR,core_set,baseline,Forward_Return_1d,2026-01-06,-0.0051229816966626,-0.0172948
SMR,core_set,baseline,Forward_Return_1d,2026-01-07,0.0102198521624027,-0.01683554
SMR,core_set,baseline,Forward_Return_1d,2026-01-08,0.0418179469641497,-0.013533751
SMR,core_set,baseline,Forward_Return_1d,2026-01-09,-0.0392792688890766,-0.008487048
SMR,core_set,baseline,Forward_Return_1d,2026-01-12,-0.0251617785587117,-0.005603951
SMR,core_set,baseline,Forward_Return_1d,2026-01-13,0.0307244028882793,-0.0017392869
SMR,core_set,baseline,Forward_Return_1d,2026-01-14,-0.0480340368022909,0.0020400058
SMR,core_set,baseline,Forward_Return_1d,2026-01-15,0.0660255568943232,0.005072931
SMR,core_set,baseline,Forward_Return_1d,2026-01-16,-0.060748479609896,0.0070914603
SMR,core_set,baseline,Forward_Return_1d,2026-01-20,0.0387145121806904,0.007547359
SMR,core_set,baseline,Forward_Return_1d,2026-01-21,0.0440774196949341,0.008376701
SMR,core_set,baseline,Forward_Return_1d,2026-01-22,-0.0430652507050799,0.0070364387
SMR,core_set,baseline,Forward_Return_1d,2026-01-23,-0.0718150164540955,0.007001786
SMR,core_set,baseline,Forward_Return_1d,2026-01-26,0.0425596748872753,0.008093492
SMR,core_set,baseline,Forward_Return_1d,2026-01-27,0.0645384590494,0.00837298
SMR,core_set,baseline,Forward_Return_1d,2026-01-28,-0.0792292101633832,0.007267983
SMR,core_set,baseline,Forward_Return_1d,2026-01-29,-0.0791622236166458,0.005919715
SMR,core_set,baseline,Forward_Return_1d,2026-01-30,-0.0589098473351325,0.005029514
SMR,core_set,baseline,Forward_Return_1d,2026-02-02,0.0815352261039726,0.0037428844
SMR,core_set,baseline,Forward_Return_1d,2026-02-03,-0.0986714334750108,0.002573173
SMR,core_set,baseline,Forward_Return_1d,2026-02-04,-0.087685041311928,0.0015411883
SMR,core_set,baseline,Forward_Return_1d,2026-02-05,0.1665874900814432,0.000878475
SMR,core_set,baseline,Forward_Return_1d,2026-02-06,0.0085203363676904,0.00031690334
SMR,core_set,baseline,Forward_Return_1d,2026-02-09,-0.0546330230819917,-0.0020558857
SMR,core_set,baseline,Forward_Return_1d,2026-02-10,-0.072455085142915,-0.0027114642
SMR,core_set,baseline,Forward_Return_1d,2026-02-11,-0.1070031939286629,-0.0023507695
SMR,core_set,baseline,Forward_Return_1d,2026-02-12,0.0226158505746773,-0.0032001329
SMR,core_set,baseline,Forward_Return_1d,2026-02-13,-0.0027991593241902,-0.0050474894
SMR,core_set,baseline,Forward_Return_1d,2026-02-17,-0.0049175123923057,-0.0064396677
SMR,core_set,baseline,Forward_Return_1d,2026-02-18,0.0305155808089907,-0.0074902135
SMR,core_set,baseline,Forward_Return_1d,2026-02-19,-0.0855222281106505,-0.008138671
SMR,core_set,baseline,Forward_Return_1d,2026-02-20,-0.0645384596407153,-0.008510156
SMR,core_set,baseline,Forward_Return_1d,2026-02-23,0.0637941890257773,-0.008432182
SMR,core_set,baseline,Forward_Return_1d,2026-02-24,-0.0187904810297638,-0.008689653
SMR,core_set,baseline,Forward_Return_1d,2026-02-25,0.0113165762383201,-0.009477746
SMR,core_set,baseline,Forward_Return_1d,2026-02-26,-0.0366732874395521,-0.009623154
SMR,core_set,baseline,Forward_Return_1d,2026-02-27,0.015444307356812,-0.009326654
SMR,core_set,baseline,Forward_Return_1d,2026-03-02,-0.0406624007875818,-0.009367535
SMR,core_set,baseline,Forward_Return_1d,2026-03-03,0.0007977845659324,-0.01000964
SMR,core_set,baseline,Forward_Return_1d,2026-03-04,-0.0291282448255179,-0.010054823
SMR,core_set,baseline,Forward_Return_1d,2026-03-05,-0.0427738345011557,-0.009377949
SMR,core_set,baseline,Forward_Return_1d,2026-03-06,0.041130411153597,-0.008151909
SMR,core_set,baseline,Forward_Return_1d,2026-03-09,-0.0107483561999957,-0.007391347
SMR,core_set,baseline,Forward_Return_1d,2026-03-10,0.0286787687107871,-0.0058842935
SMR,core_set,baseline,Forward_Return_1d,2026-03-11,-0.0513783145672442,-0.003583455
SMR,core_set,baseline,Forward_Return_1d,2026-03-12,0.0033955857023685,-0.0014340082
SMR,core_set,baseline,Forward_Return_1d,2026-03-13,0.0143039942424622,0.0011396179
SMR,core_set,baseline,Forward_Return_1d,2026-03-16,0.0385135117017341,0.004069506
SMR,core_set,baseline,Forward_Return_1d,2026-03-17,-0.033513545790108,0.006085902
SMR,core_set,baseline,Forward_Return_1d,2026-03-18,-0.0033305578396503,0.007653739
SMR,core_set,baseline,Forward_Return_1d,2026-03-19,-0.0469570006781588,0.00963216
SMR,core_set,baseline,Forward_Return_1d,2026-03-20,0.0224728762297155,0.0111861
SMR,core_set,baseline,Forward_Return_1d,2026-03-23,-0.023347320995323,0.011795558
SMR,core_set,baseline,Forward_Return_1d,2026-03-24,0.0224922350823593,0.013146165
SMR,core_set,baseline,Forward_Return_1d,2026-03-25,-0.0617479919994643,0.015086206
SMR,core_set,baseline,Forward_Return_1d,2026-03-26,-0.0648418338356192,0.017354326
SMR,core_set,baseline,Forward_Return_1d,2026-03-27,-0.0048662081691206,0.01941955
SMR,core_set,baseline,Forward_Return_1d,2026-03-30,0.0559653045034566,0.020062774
SMR,core_set,baseline,Forward_Return_1d,2026-03-31,-0.0549901480370793,0.019620137
SMR,core_set,baseline,Forward_Return_1d,2026-04-01,-0.0107791941462231,0.018916318
SMR,core_set,baseline,Forward_Return_1d,2026-04-02,0.0019685496577601,0.018468948
SMR,core_set,baseline,Forward_Return_1d,2026-04-06,-0.104596055534359,0.01779441
SMR,core_set,baseline,Forward_Return_1d,2026-04-07,0.0736399717668194,0.017545845
SMR,core_set,baseline,Forward_Return_1d,2026-04-08,-0.0340414441484931,0.015847886
SMR,core_set,augmented,Forward_Return_1d,2025-12-19,0.0221547898644608,-0.0030805108
SMR,core_set,augmented,Forward_Return_1d,2025-12-22,-0.0283969716759057,-0.0035149164
SMR,core_set,augmented,Forward_Return_1d,2025-12-23,0.0068642800585993,-0.0035233381
SMR,core_set,augmented,Forward_Return_1d,2025-12-24,-0.0795763680692664,-0.0029854067
SMR,core_set,augmented,Forward_Return_1d,2025-12-26,-0.0252315355928489,-0.0020374535
SMR,core_set,augmented,Forward_Return_1d,2025-12-29,-0.0118097324523781,-0.0022382836
SMR,core_set,augmented,Forward_Return_1d,2025-12-30,-0.0098315638049013,-0.0028589738
SMR,core_set,augmented,Forward_Return_1d,2025-12-31,0.1406513248019623,-0.0034238456
SMR,core_set,augmented,Forward_Return_1d,2026-01-02,0.1410141264539704,-0.0037038235
SMR,core_set,augmented,Forward_Return_1d,2026-01-05,0.0412052554712135,-0.0046621314
SMR,core_set,augmented,Forward_Return_1d,2026-01-06,-0.0051229816966626,-0.007193923
SMR,core_set,augmented,Forward_Return_1d,2026-01-07,0.0102198521624027,-0.008327884
SMR,core_set,augmented,Forward_Return_1d,2026-01-08,0.0418179469641497,-0.0076538734
SMR,core_set,augmented,Forward_Return_1d,2026-01-09,-0.0392792688890766,-0.006196946
SMR,core_set,augmented,Forward_Return_1d,2026-01-12,-0.0251617785587117,-0.0072899573
SMR,core_set,augmented,Forward_Return_1d,2026-01-13,0.0307244028882793,-0.0068388768
SMR,core_set,augmented,Forward_Return_1d,2026-01-14,-0.0480340368022909,-0.0044564363
SMR,core_set,augmented,Forward_Return_1d,2026-01-15,0.0660255568943232,-0.0014591824
SMR,core_set,augmented,Forward_Return_1d,2026-01-16,-0.060748479609896,0.0012244141
SMR,core_set,augmented,Forward_Return_1d,2026-01-20,0.0387145121806904,0.002766195
SMR,core_set,augmented,Forward_Return_1d,2026-01-21,0.0440774196949341,0.004718749
SMR,core_set,augmented,Forward_Return_1d,2026-01-22,-0.0430652507050799,0.004818123
SMR,core_set,augmented,Forward_Return_1d,2026-01-23,-0.0718150164540955,0.0052753156
SMR,core_set,augmented,Forward_Return_1d,2026-01-26,0.0425596748872753,0.006196565
SMR,core_set,augmented,Forward_Return_1d,2026-01-27,0.0645384590494,0.006759365
SMR,core_set,augmented,Forward_Return_1d,2026-01-28,-0.0792292101633832,0.005192999
SMR,core_set,augmented,Forward_Return_1d,2026-01-29,-0.0791622236166458,0.0044655553
SMR,core_set,augmented,Forward_Return_1d,2026-01-30,-0.0589098473351325,0.0039773732
SMR,core_set,augmented,Forward_Return_1d,2026-02-02,0.0815352261039726,0.0032014563
SMR,core_set,augmented,Forward_Return_1d,2026-02-03,-0.0986714334750108,0.002116638
SMR,core_set,augmented,Forward_Return_1d,2026-02-04,-0.087685041311928,0.0003400661
SMR,core_set,augmented,Forward_Return_1d,2026-02-05,0.1665874900814432,-0.00064921816
SMR,core_set,augmented,Forward_Return_1d,2026-02-06,0.0085203363676904,-0.0013283124
SMR,core_set,augmented,Forward_Return_1d,2026-02-09,-0.0546330230819917,-0.0021258073
SMR,core_set,augmented,Forward_Return_1d,2026-02-10,-0.072455085142915,-0.0024346516
SMR,core_set,augmented,Forward_Return_1d,2026-02-11,-0.1070031939286629,-0.0023775108
SMR,core_set,augmented,Forward_Return_1d,2026-02-12,0.0226158505746773,-0.0034306815
SMR,core_set,augmented,Forward_Return_1d,2026-02-13,-0.0027991593241902,-0.0060853665
SMR,core_set,augmented,Forward_Return_1d,2026-02-17,-0.0049175123923057,-0.007188726
SMR,core_set,augmented,Forward_Return_1d,2026-02-18,0.0305155808089907,-0.0077050747
SMR,core_set,augmented,Forward_Return_1d,2026-02-19,-0.0855222281106505,-0.010181325
SMR,core_set,augmented,Forward_Return_1d,2026-02-20,-0.0645384596407153,-0.009123932
SMR,core_set,augmented,Forward_Return_1d,2026-02-23,0.0637941890257773,-0.008353833
SMR,core_set,augmented,Forward_Return_1d,2026-02-24,-0.0187904810297638,-0.011605213
SMR,core_set,augmented,Forward_Return_1d,2026-02-25,0.0113165762383201,-0.01050565
SMR,core_set,augmented,Forward_Return_1d,2026-02-26,-0.0366732874395521,-0.0063341777
SMR,core_set,augmented,Forward_Return_1d,2026-02-27,0.015444307356812,-0.005788935
SMR,core_set,augmented,Forward_Return_1d,2026-03-02,-0.0406624007875818,-0.0068605803
SMR,core_set,augmented,Forward_Return_1d,2026-03-03,0.0007977845659324,-0.007524053
SMR,core_set,augmented,Forward_Return_1d,2026-03-04,-0.0291282448255179,-0.00640649
SMR,core_set,augmented,Forward_Return_1d,2026-03-05,-0.0427738345011557,-0.0054668514
SMR,core_set,augmented,Forward_Return_1d,2026-03-06,0.041130411153597,-0.0051693283
SMR,core_set,augmented,Forward_Return_1d,2026-03-09,-0.0107483561999957,-0.0048398795
SMR,core_set,augmented,Forward_Return_1d,2026-03-10,0.0286787687107871,-0.003938636
SMR,core_set,augmented,Forward_Return_1d,2026-03-11,-0.0513783145672442,-0.0019523796
SMR,core_set,augmented,Forward_Return_1d,2026-03-12,0.0033955857023685,0.0024707029
SMR,core_set,augmented,Forward_Return_1d,2026-03-13,0.0143039942424622,0.0022729721
SMR,core_set,augmented,Forward_Return_1d,2026-03-16,0.0385135117017341,0.00019164087
SMR,core_set,augmented,Forward_Return_1d,2026-03-17,-0.033513545790108,0.00095667894
SMR,core_set,augmented,Forward_Return_1d,2026-03-18,-0.0033305578396503,0.0032197258
SMR,core_set,augmented,Forward_Return_1d,2026-03-19,-0.0469570006781588,0.0048991684
SMR,core_set,augmented,Forward_Return_1d,2026-03-20,0.0224728762297155,0.0059981155
SMR,core_set,augmented,Forward_Return_1d,2026-03-23,-0.023347320995323,0.0090330085
SMR,core_set,augmented,Forward_Return_1d,2026-03-24,0.0224922350823593,0.01041971
SMR,core_set,augmented,Forward_Return_1d,2026-03-25,-0.0617479919994643,0.011317868
SMR,core_set,augmented,Forward_Return_1d,2026-03-26,-0.0648418338356192,0.011619576
SMR,core_set,augmented,Forward_Return_1d,2026-03-27,-0.0048662081691206,0.015458907
SMR,core_set,augmented,Forward_Return_1d,2026-03-30,0.0559653045034566,0.016589852
SMR,core_set,augmented,Forward_Return_1d,2026-03-31,-0.0549901480370793,0.01593308
SMR,core_set,augmented,Forward_Return_1d,2026-04-01,-0.0107791941462231,0.014914794
SMR,core_set,augmented,Forward_Return_1d,2026-04-02,0.0019685496577601,0.013864852
SMR,core_set,augmented,Forward_Return_1d,2026-04-06,-0.104596055534359,0.014337196
SMR,core_set,augmented,Forward_Return_1d,2026-04-07,0.0736399717668194,0.017235039
SMR,core_set,augmented,Forward_Return_1d,2026-04-08,-0.0340414441484931,0.015817378
