Adj Close,Close,High,Low,Open,Volume,OBV,%K,%D,Return,MA10,MA30,EMA10,EMA30,Momentum,Volatility,BB_upper,BB_lower,RSI,Predicted_Close,Predicted_Direction
21.309999465942383,21.309999465942383,21.770000457763672,21.1299991607666,21.5,1131822,-114036123.0,88.39846219120435,93.67580986789123,0.0042412891376131245,20.411499786376954,20.368166542053224,20.515123039233334,20.433573964346724,1.4399986267089844,0.013687148525097231,20.438874083427148,20.38412548932676,89.8887451467751,21.144636834343363,DOWN
